154244676281619154942,6901028317122,玉溪包装,1,22,22,20.14,21,8
15424467498867961303,99999999-1,无码商品,1,3,3,0,1,0
15424467498867961303,6936378310073,食用槟榔老湘潭15元（红色）,1,14,14,12,1,7
31315424468204682,6941068368463,七度柔爽排湿柔网带护翼迷你巾,1,8,8,0,1,0
31315424468204682,6903148091036,护舒宝超值干爽贴身日用卫生巾10片,1,8,8,4.23,1,8
31315424468204682,6924757020132,小妮丝薄网面日夜组合周期装28片,1,18,18,0,1,0
31315424468204682,6924757030155,小妮丝悦特薄丝薄棉柔日/夜组合装24片,1,17,17,0,1,0
154244676370018665647,6925909960085,张新发门店木糖醇槟榔25g,1,15,15,0,10,8
154244676647418157847,6901028193498,芙蓉王包装,2,25,25,21.83,1,8
15424467810283898235,0012,富龙水,1,10,10,5,1,14
154244676680618669760,6925909960085,张新发门店木糖醇槟榔25g,1,15,15,0,10,8
15424466452954997478,6920202888883,红牛维生素功能饮料,1,6,6,0,1,0
15424466452954997478,6907878033014,可口可乐 330ml,1,2.5,2.5,0,1,0
15424466452954997478,6932430200115,四洲热浪香辣味薯片50g,1,7,7,0,1,0
15424467720108253615,6923644268930,真果粒芦荟味,1,39,39,0,1,0
154244676686222736789,6940920500126,王子山渣片,1,5,5,0,1,4
154244676980118662263,6925909960085,张新发门店木糖醇槟榔25g,1,15,15,0,10,8
154244677280916586258,6901028191043,白沙品包装,1,9,9,7.63,1,8
154244677341818835318,6901028193498,芙蓉王包装,1,25,25,21.83,21,8
154244671292018952949,99999999-1,无码商品,1,560,560,0,1,0
154244677271118662537,6925909960085,张新发门店木糖醇槟榔25g,1,15,15,0,10,8
15424467730529499682,6921956645029,亨氏番茄酱120克,2,5,5,1,1,4
15424467730529499682,6908332890778,索芙特玫瑰香薰香浴露,1,25,25,13.5,1,0
15424467730529499682,6902890229360,65克王中王,1,2,2,1,1,4
15424467730529499682,6953799800679,2片百洁布,1,3,3,1,1,4
15424467730529499682,6922868281145,心心相印婴儿专用卫生纸,1,16,16,0,1,8
15424467730529499682,6911316380271,至纯牛奶软糖莓酸奶味,1,5,5,0,1,0
15424467730529499682,4607109843543,俄罗斯KDV巧克力夹心糖,1,26,26,1,1,4
15424467730529499682,6936641800522,干鞋器,1,12,12,8.5,9,4
15424467730529499682,6902890234180,双汇台式烤香肠48g,1,2,2,1.75,1,13
15424467730529499682,8993175537391,丽芝士纳宝帝奶酪威化饼干200g,1,12,12,1,1,4
154244677557518662553,6925909960085,张新发门店木糖醇槟榔25g,1,15,15,0,10,8
154244677823112307152,6901028191043,白沙精品包装,1,10,10,7.63,21,8
15424467782315078305,6937221706739,贤哥南乳牛肉味125g,1,5,5,0,1,8
15424467782315078305,6924187839212,洽洽喀吱脆薯片板烧烤味35g,1,2,2,0,1,8
15424467782315078305,6970405270022,烧饼(香芋味）,1,6,6,0,1,8
15424467782315078305,6953637516182,爱宏冠大福饼蛋奶味200g,1,5,5,0,10,8
15424467772386901392,6925629987201,上珍果九制话梅118g,1,5.5,5.5,3.9,1,8
15424467772386901392,6933066000247,乖媳妇山椒凤爪70g,1,3.5,3.5,2.1,1,7
15424467772386901392,6924746222110,南北特鱼豆腐香辣味100g,1,6,6,4.5,1,8
15424467772386901392,6934728100398,福太子山椒跳跳鱼,1,4.5,4.5,3.6,1,4
15424467772386901392,6940391700964,味无双大牛板筋160g,1,3.5,3.5,2.8,1,8
154244677807210118817,6925490400274,龙花135克咸干,1,3,3,2.5,1,4
154244677807210118817,6970362690000,糯米锅巴,1,3,3,1.8,1,4
15424467975923892708,6907878050110,可口可乐 500ml,1,3,3,2.17,1,2
154244678053718661241,6925909960085,张新发门店木糖醇槟榔25g,1,15,15,0,10,8
154244679341313093885,6938888889827,香飘飘MeCo蜜谷新派茶饮泰式青柠茶,1,6,6,0,1,2
154244679341313093885,6948930800106,周氏香油杀,1,2.5,2.5,1.5,1,8
154244679341313093885,6935284499995,卫龙新大面筋辣味16g,1,2.5,2.5,1.9,1,8
154244679341313093885,6920907809862,好丽友薯愿香烤原味04g,1,8,8,0,1,6
154244678484419467272,99999999-1,无码商品,1,4,4,0,1,0
154244678159023148576,6928804011128,300ml可口可乐,1,2,2,0,1,0
154244678159023148576,6901028193498,芙蓉王包装,1,25,25,22.6,21,8
154244678400018667325,6925909960085,张新发门店木糖醇槟榔25g,1,15,15,0,10,8
154244678546222484251,6943724227909,放马鞭一斤裸瓶苦荞酒,1,22,22,15,1,2
154244678546222484251,6901028191043,白沙品包装,1,10,10,7.63,21,8
15424467866527126949,6901028191012,白沙(软),1,6,6,0,1,8
15424467922976683994,6901668062499,卡夫趣多多缤纷豆85g,1,5.5,5.5,0,1,8
15424467922976683994,6959283600107,玖玖乡桂花味糕,1,4.5,4.5,3.5,1,4
154244679476919159640,6901028111263,南京赫门包装,1,17,17,14.31,21,8
154244679464717539815,4891132011103,软南洋,2,5,5,0,1,3
154244679638618663806,6925909980151,张新发槟榔5g,1,20,20,15.58,1,8
154244679909917654702,6901028191012,白沙包装,1,6.5,6.5,3.81,1,8
15424467988728397604,6909131181234,中国劲酒35度58ml,1,23,23,0,1,2
15424467988728397604,6906151600462,牛栏山陈酿白酒500ml,1,15,15,12.08,1,2
15424467988728397604,6948195800446,金龙鱼食用调和油900ml,1,15,15,0,1,2
154244678874122802247,6901028055024,红河甲包装,1,5.5,5.5,0,1,0
154244679929218668402,6925909980151,张新发槟榔5g,1,20,20,15.58,1,8
154244680508314282654,6932808700100,消毒液,2,2,2,1.5,1,4
15424468465424109178,6918087101029,奇脆冰雪糕(香草味+芒果味),1,7,7,0,1,0
15424468465424109178,6937761805152,宝矿力 900ml,1,8,8,0,1,2
15424468465424109178,6925303770563,统一汤达人日式豚骨拉面78g,1,6,6,0,1,0
154244680237317773677,6934665087653,优益C活菌型乳酸菌饮品原味340ml,2,6,6,4.5,1,2
154244680237317773677,6934660522258,苏菲弹力贴身,1,9,9,7.29,9,8
154244680237317773677,6924743915763,乐事无限忠于原味104g,1,8,8,0,1,0
154244680222318664727,6925909980151,张新发槟榔5g,1,20,20,15.58,1,8
154244680464618667235,6925909980151,张新发槟榔5g,1,20,20,15.58,1,8
154244680704618662090,6925909980151,张新发槟榔5g,1,20,20,15.58,1,8
154244680782412269124,6924882811155,腐乳王,1,7,7,5.5,1,2
154244680782412269124,6928539800028,北堤麻辣菽肉,1,3.5,3.5,2.7,1,8
154244680782412269124,6920734700776,康师傅烧牛肉面106g,1,4,4,3.25,1,14
154244680782412269124,6930946901014,步步为赢卥制块干90g,1,4.5,4.5,3.5,1,8
154244681203914289528,6901028193498,芙蓉王包装,1,25,25,21.83,1,8
154244680953718669979,6925909980151,张新发槟榔5g,1,20,20,15.58,1,8
154244684364021667376,6924513908131,炫迈果味浪起来口香糖香芒蜜桃味37克,1,11,11,0,1,0
154244684364021667376,6923450657638,益达木糖醇无糖口香糖清爽西瓜味56g,1,10,10,0,1,0
15424468102076736688,6907878033014,可口可乐30ml,1,2.5,2.5,0,11,6
15424468102076736688,6933125677816,枸杞槟榔25g,1,15,15,0,1,8
154244681275818668318,6925909980151,张新发槟榔5g,1,20,20,15.58,1,8
154244681471512606110,6945391480014,孟龙泡椒牛筋,1,0.5,0.5,0.35,1,8
154244681471512606110,6921594299592,25g帝园（羊肉串）,1,0.5,0.5,0.34,10,7
154244681392422805382,6901028136679,金圣滕王阁盒装,1,10,10,8.8,21,8
154244686984617551780,6914973600041,德芙香浓黑巧克力3g,1,8,8,0,1,10
154244686984617551780,6940159430027,美年达橙味果味汽水,1,3,3,0,1,0
15424468835063337887,6933569400254,502胶水,1,2,2,0.55,1,2
154244681693218666517,6925909980151,张新发槟榔5g,1,20,20,15.58,1,8
15424468184357969356,6901028191012,软白沙,2,6.5,6.5,3.82,1,8
154244681786217417204,6923450656181,益达木糖醇薄荷40粒瓶装56g,1,10,10,8.5,10,2
154244682059422264547,6941742300451,东北坊珍酿六年50度450ml,1,12,12,9,11,2
154244681970718667705,6925909980151,张新发槟榔5g,1,20,20,15.58,1,8
154244682502121262516,6901028942928,双喜珍品好日子包装,1,15,15,13.78,21,8
154244682718719061507,6911988013194,可比克大一金装桶装10g,1,9,9,0,1,0
154244682939714857103,6902890234166,双汇玉米热狗肠40g,1,1.5,1.5,0.85,10,10
154244682939714857103,6956052900796,椒娇香辣味豆干25g,1,1,1,0,1,8
154244682939714857103,6956052900802,井水卤豆干,2,1,1,0,1,4
154244682991718664063,6925909980151,张新发槟榔5g,1,20,20,15.58,1,8
154244683584923478855,6901028191043,精品白沙包装,1,10,10,7.63,21,8
154244683266818665283,6925909980151,张新发槟榔5g,1,20,20,15.58,1,8
15424467811356221899,6903244370424,七度空间卫生巾,1,8,8,0,1,8
15424467811356221899,6901070601088,云南白药牙膏薄荷香型210g,1,32,32,29,1,13
15424467811356221899,6901070600579,云南白药牙膏留兰香型180g,1,29,29,23.8,1,13
154244683632612524358,6951779366306,椰丝蛋卷,1,4.964539007092198,5,0,1,3
154244683632612524358,6956481000036,奶油法饼,2,0.9929078014184397,1,0.67,1,4
154244683632612524358,6921089584820,大和味烧烤味薯条,1,4.468085106382978,4.5,3.5,1,3
154244683632612524358,061,三牛葱香饼干,0,19.858156028368793,20,15,1,17
154244683526818664570,6925909980151,张新发槟榔5g,1,20,20,15.58,1,8
15424468392376315588,6927334800264,湘特纯正白糖,1,4.5,4.5,3.2,1,8
15424468392376315588,6902265360018,海天上等蚝油700g,1,7.5,7.5,5.67,1,2
15424468392006976693,99999999-1,无码商品,1,4,4,0,1,0
154244683864018665307,6925909980151,张新发槟榔5g,1,20,20,15.58,1,8
154244582399724474613,99999999-1,无码商品,1,9.5,9.5,0,1,0
154244684190417479306,6901028063692,白沙红运当头包装,1,20,20,14.31,21,8
154244683839624574062,6901028315425,红塔山经典100包装,1,10,10,0,1,0
154244684141114854229,6922956300901,16g野山椒鱼仔,1,1,1,0.8,1,4
154244684141114854229,6956052900796,椒娇香辣味豆干25g,2,1,1,0,1,8
154244684161421463363,6901028000963,双喜软01条装,1,100,100,85.8,21,4
154244682861216629646,6921311196494,康师傅绿茶调味茶饮品蜜茉莉味,1,4,4,3,1,2
154244682861216629646,6911988014894,达利园法式软面包香橙味00g,1,7.5,7.5,5.8,1,7
15424468459713474510,6900873060061,康师傅红烧牛肉面包,2,2.5,2.5,0,1,8
154244684511218661066,6925909980151,张新发槟榔5g,1,20,20,15.58,1,8
154244684859217765194,6902083890414,娃哈哈营养快线,1,10,10,9.5,11,2
154244684816618662996,6925909980151,张新发槟榔5g,1,20,20,15.58,1,8
15424468531645221857,6907992512761,伊利安慕希希腊酸牛奶205g*12/箱箱,1,53,53,47,1,0
15424468531645221857,4897076061181,VETRUE惟度台湾米饼芝士味320g,1,16,16,11,1,8
15424468531645221857,6901180915983,嘉士利果乐果香,1,4,4,0,1,0
15424468531645221857,6901180915785,果酱味夹心饼（草莓味）,1,4,4,3,1,0
15424468531645221857,6921294396362,康师傅冰红茶,1,4,4,3,1,0
15424468531645221857,6921294389371,康师傅冰糖雪梨,1,4,4,3.13,1,0
15424468566878257442,6922507880708,陈克明强力玉带挂面1KG,1,9.5,9.5,0,1,0
15424468566878257442,6921718050924,辣妹子辣椒酱248克,1,5,5,0,1,0
15424468566878257442,6970765460149,军杰剁椒香脆萝卜,1,8,8,0,1,0
154244685313918662849,6925909980151,张新发槟榔5g,1,20,20,15.58,1,8
15424468730513892413,6907992821924,伊利冰工厂炫菠萝40雪糕,1,2.5,2.5,1.5,1,4
15424468730513892413,6970855690302,加碘低钠盐250克,2,2,2,1.41,1,8
154244685584818668078,6925909980151,张新发槟榔5g,1,20,20,15.58,1,8
15424468524527082940,6922824000643,李锦记薄盐生抽500毫升,1,8,8,6.6,1,2
154244685687522808935,6901028311151,云烟紫包装,1,10,10,9.01,21,8
154244686162017445226,99999999-1,无码商品,1,2,2,0,1,0
154244685934418667155,6925909980151,张新发槟榔5g,1,20,20,15.58,1,8
15424468613987501182,6901028193856,芙蓉王(蓝),1,35,35,30.7,1,8
154244671418816175317,99999999-1,无码商品,1,3,3,0,1,0
15424468636347588007,6953476000194,田螺,1,1,1,0.8,1,4
154244686212918662872,6925909980151,张新发槟榔5g,1,20,20,15.58,1,8
154244686636116171722,99999999-1,无码商品,1,9,9,0,1,0
15424468850845787387,99999999-1,无码商品,1,1,1,0,1,0
154244686497118669916,6925909980151,张新发槟榔5g,1,20,20,15.58,1,8
154244686759814854244,6956052900796,椒娇香辣味豆干25g,2,1,1,0,1,8
154244686759814854244,6923567880103,咪咪虾条20g,1,0.5,0.5,0,1,8
154244686759318661867,6925909980151,张新发槟榔5g,1,20,20,15.58,1,8
15424468703867501352,6901028196925,白沙(和天下),1,100,100,84.8,1,8
154244679650914285486,6901028193498,芙蓉王包装,1,25,25,21.83,1,8
154244687094318663459,6925909980151,张新发槟榔5g,1,20,20,15.58,1,8
154244687415810939895,4891338010535,黑人超白牙膏140g,1,14,14,0,1,13
154244691532822091206,6901028223997,黄山象一品盒装,4,7,7,0,1,0
154244687372318667326,6925909980151,张新发槟榔5g,1,20,20,15.58,1,8
15424468758497085994,6914973602908,脆香米脆米心牛奶巧克力,1,4,4,2.5,1,12
154244687722218663679,6925909980151,张新发槟榔5g,1,20,20,15.58,1,8
154244686550821395357,6909131169201,中国劲酒35度125ML,1,12,12,0,11,2
154244687980515166281,6901028183222,黄鹤楼金砂龙烟包装,1,15,15,13,1,8
154244687980515166281,6901035616065,青岛啤酒10度500ml,1,5,5,4,1,6
154244688801711104664,22,14元炒货,0,28,28,0,1,17
154244687997718669837,6925909980151,张新发槟榔5g,1,20,20,15.58,1,8
154244688295218663396,6925909980151,张新发槟榔5g,1,20,20,15.58,1,8
154244688399123956999,6901028057073,双喜晶彩好日子包装,1,20,20,0,1,0
154244688399123956999,6901028006521,双喜祥云好日子包装,1,22,22,0,1,0
154244688399123956999,6901028227308,龙凤呈祥珍品包装,1,21,21,0,1,0
154244688577218665786,6925909980151,张新发槟榔5g,1,20,20,15.58,1,8
154244688608922806506,6901028164160,红旗渠茄包装,2,5,5,4.45,21,8
15424469578073335724,6971314930021,瓜子糖,1,0.5,0.5,0,1,0
15424469578073335724,6971059230349,油耳酥,1,3.5,3.5,0,1,8
15424469578073335724,6914782201156,凤梨酥,1,11,11,7.7,1,4
15424469578073335724,6937451813542,不二家棒糖奶味10g,2,1,1,0,1,13
154244688868118666153,6925909980151,张新发槟榔5g,1,20,20,15.58,1,8
15424468510412002960,6901028084314,阳光娇子,1,11,11,8.5,1,3
15424468893145675799,6900873097029,康师傅经典藤椒牛肉桶面102g,1,4,4,3.25,1,3
15424468893145675799,6933066001626,乖媳妇山椒凤爪138g,1,6.5,6.5,0,1,8
154244689202316081986,6931299062605,鲁花料酒500ml,1,8,8,0,1,0
154244689202316081986,6907592001245,王致和精制料酒00ml,1,5,5,4,1,2
15424468548473185910,6907992103051,伊利益消原味酸奶450g,1,8.5,8.5,6.5,1,4
154244689328718667772,6925909980151,张新发槟榔5g,1,20,20,15.58,1,8
154244689417910111361,6901668062086,趣多多巧克力饼95g,2,6,6,0,10,8
154244689593722261474,6901028160278,黄金叶途包装,1,15,15,12.19,21,8
15424468976386975299,99999999-1,无码商品,1,9,9,0,1,0
15424468976386975299,6957735788861,椰树牌椰汁245ml,1,4.5,4.5,0,1,6
154244689582118666826,6925909980151,张新发槟榔5g,1,20,20,15.58,1,8
154244689863323652086,6901028196413,白沙蓝尚品条装,1,160,160,0,1,0
154244689898216173972,99999999-1,无码商品,1,30,30,0,1,0
154244689859818665286,6925909980151,张新发槟榔5g,1,20,20,15.58,1,8
154244690102018664595,6925909980151,张新发槟榔5g,1,20,20,15.58,1,8
154244690320018333560,99999999-1,无码商品,1,8,8,0,1,0
154244690320018333560,6956367338680,王老吉凉茶植物饮料310毫升,1,3.5,3.5,2.67,1,6
154244690161724579352,6901028025638,娇子代阳光盒装,1,8.5,8.5,0,1,0
154244690384318347252,6925909980151,张新发槟榔5g,1,18,18,16,10,8
154244690384318347252,6901028193498,芙蓉王包装,1,25,25,21.83,21,8
154244690384318347252,6920761221084,加加味精200g,1,4,4,3,1,7
154244690384318347252,4891338000918,黑人双重薄荷牙膏225g,1,15,15,0,1,0
154244690384318347252,6908471008164,养元六个核桃240ml2,1,50,50,44,1,1
154244690384318347252,6901028192729,白沙精品三代包装,1,15,15,12.93,1,8
154244690384318347252,6901028191043,白沙品包装,1,9.5,9.5,7.63,1,8
154244690639612607576,6900873012886,康师傅香爆脆清新小番茄味干脆面26g,1,1,1,0.8,1,8
15424469068096973534,6931115112385,广基隆花生180g,1,5.5,5.5,0,1,4
154244690468118665756,6925909980151,张新发槟榔5g,2,20,20,15.58,1,8
154244690752118669514,6925909980151,张新发槟榔5g,1,20,20,15.58,1,8
15424469092403472603,6934024590466,西柚味运动饮料600ml,1,5,5,0,1,2
15424469092403472603,6901028182652,黄鹤楼(硬大彩),1,28,28,0,1,0
15424469118156071574,6933125698873,湘潭铺子15元装,1,15,15,0,1,8
154244691016718667002,6925909980151,张新发槟榔5g,1,20,20,15.58,1,8
154244690549824378995,6922507800218,克明香菇风味挂面1kg,1,9.5,9.5,0,1,0
154244690549824378995,6922507800225,长寿挂面,1,8.5,8.5,0,1,0
154244690549824378995,6918962004681,特一银丝挂面450g,1,4,4,0,1,0
154244690549824378995,6918962004698,特一龙须面450g,1,4,4,0,1,0
154244690549824378995,6922507808597,陈克明蛋精制挂面000g,1,8,8,0,1,0
154244690549824378995,6922286888018,广合腐乳335g,1,8,8,0,1,0
154244690549824378995,6902534238338,甘竹香辣豆鼓鱼184g,1,10,10,0,1,0
154244690550122804501,6901028164160,红旗渠茄包装,1,5,5,4.45,21,8
154244691884123474676,05,烤花生,0,21.67913043478261,22,17,381,17
154244691251210491314,6920907800913,好丽友派,1,4,4,0,1,0
15424469148546326858,99999999-1,无码商品,1,6.5,6.5,0,1,0
154244691264218667164,6925909980151,张新发槟榔5g,1,20,20,15.58,1,8
154244691532418666368,6925909980151,张新发槟榔5g,1,20,20,15.58,1,8
15424469183645144070,2121,汰爽45,1,17,17,0,2,8
15424469183645144070,6920190331231,创可贴弹性00片,1,6.5,6.5,0,1,3
15424469183645144070,6932620221012,555优质锌锰干电池,1,18.5,18.5,0,9,3
15424469183645144070,6923388200449,双K扑克一盒,1,12,12,1,1,3
15424469183645144070,6903148091074,护舒宝棉柔日用卫生巾10片,3,4,4,3.9,1,8
15424469183645144070,6903148091012,护舒宝超值干爽贴身夜用10片,3,5,5,0,1,0
15424469183645144070,6941228100254,佳期新缤纷柔棉超薄组25片,3,10,10,0,1,0
15424469183645144070,6918316000154,佳期缤纷系列25片,11,9,9,0,1,8
154244691788118667342,6925909980151,张新发槟榔5g,1,20,20,15.58,1,8
154244691785123957289,6901028165914,黄金叶目标包装,1,15,15,0,1,0
154244695881022095485,6901028143431,万宝路红2包装,1,16,16,0,1,0
154244695881022095485,6901028227308,龙凤呈祥珍品包装,2,21,21,0,1,0
154244692211418669393,6925909980151,张新发槟榔5g,1,20,20,15.58,1,8
154244692409417539121,8800116105611,蓝星香烟,1,17,17,13.5,1,3
154244692409417539121,6934502301850,大东鹏,1,5.5,5.5,3.75,1,2
154244692514712853203,6928083900045,毛铺苦荞酒荞00ml,2,88,88,58.5,1,2
154244692078214857671,6901754141008,乌江涪陵榨菜脆菜丝88g,2,2.5,2.5,1.6,20,8
154244693562614418519,6920202888883,红牛维生素功能饮料,1,6,6,0,1,6
154244693093817329282,6909131169201,中国劲酒25ml,1,10,10,0,11,2
15424469320727587875,0,开财门,1,0.02,0.02,0.01,1,4
154244693195510337324,6901028196406,白沙品蓝包装,2,16,16,14.31,1,8
154244692498015637773,99999999-1,无码商品,1,3,3,0,1,0
15424469316998493044,6902083905286,娃哈哈,1,6.5,6.5,5.1,1,0
15424469316998493044,6946459411971,香益方蚕豆,1,5,5,3.9,1,0
15424469316998493044,8993175537445,芝士威化饼,2,2.5,2.5,1.8,1,8
154244691947316176556,99999999-1,无码商品,1,12,12,0,1,0
15424469342937969259,003,特级原味瓜子,0,44.44444444444444,28,20,1,0
154244693196922738301,6956367338680,王老吉凉茶植物饮料310毫升,1,4,4,0,11,6
154244693196922738301,6924743919242,乐事墨西哥鸡汁番茄味70g,1,6.5,6.5,0,1,0
154244693196922738301,6938888888615,香飘飘红豆奶茶64g,1,5.5,5.5,4.5,11,15
154244693478817327550,6923644283582,蒙牛真果粒蓝莓口味250g2包,1,35,35,26,1,1
15424469526103895590,6901028001489,双喜盒,2,7,7,5.72,21,4
154244692704113859964,99999999-1,无码商品,1,85,85,0,1,0
154244692704113859964,99999999-2,无码商品,1,78,78,0,1,0
154244692704113859964,6956064018137,500克加碘精制盐,1,2,2,0,1,4
154244692704113859964,6922824000643,李锦记薄盐生抽500毫升,1,8.5,8.5,0,1,2
154244692704113859964,6918678423035,李锦记蒸鱼豉油410ml,1,11,11,0,1,2
154244692704113859964,6922130101034,太太乐鸡精100g,1,4.5,4.5,3.5,1,8
154244692704113859964,6923557970340,金健手擀面,2,6,6,0,1,0
154244694144123656505,6925909980052,皇爷张新发精制手工食用槟榔28g,1,10,10,8,10,8
154244696484610426202,6901028311151,云烟紫包装,1,10,10,9.01,1,8
154244693587722803232,6925303730574,统一阿萨姆原味奶茶500ml,1,4,4,3,11,2
154244692541524389521,6956367338680,王老吉凉茶植物饮料310毫升,2,3.5,3.5,0,1,0
15424469409994861111,6920090600796,香辣海带丝36g,3,1,1,0,20,8
15424469409994861111,6956416200067,美汁源果粒橙橙汁饮料450ml,1,3.5,3.5,0,1,0
15424469456184327705,99999999-1,无码商品,1,55,55,0,1,0
15424469456184327705,99999999-2,无码商品,24,2.5,2.5,0,1,0
154244691963915464051,6901028000642,双喜经典包装,1,12,12,10.01,1,8
15424469472778676838,6933125677816,湘潭铺子枸杞槟榔,1,14,14,12,1,0
154244695619623474545,6954767430188,雪碧糖雪碧5L,1,5,5.5,0,1,0
154244694845116581273,6901028193498,芙蓉王包装,1,25,25,21.83,1,8
15424469702265786451,6908946287315,百事可乐可乐型汽水 600ml,1,3,3,0,1,2
154244694697817391930,99999999-1,无码商品,1,24,24,0,1,0
15424469559337582848,0,开财门,1,0.02,0.02,0.01,1,4
15424469525387731287,6925909980151,张新发槟榔35g,1,18,18,15.58,1,8
154244696011618097453,99999999-1,无码商品,1,1,1,0,1,0
154244695629713905636,6901028063364,白沙新精品二代包装,1,10,10,8.8,1,8
154244695629713905636,4891028164456,维他柠檬茶50ml,1,3,3,0,1,3
154244693629314834539,6901028193498,硬黄芙蓉王,1,25,25,21.83,1,8
154244695785519152346,6901028046886,云烟包装,1,10,10,8.79,21,8
15424469233434974602,6904406383146,远航九江双蒸酒,1,7.5,7.5,0,1,0
154244696525014552772,6928804010220,500ml雪碧柠檬味汽水,1,3,3,0,1,4
154244696525014552772,8801116005574,爆珠爱喜,1,13,13,11,1,0
15424470000564271320,6901028006408,双喜祥和好日子包装,1,11,11,0,1,8
15424470000564271320,6901028003452,双喜悦包装,1,16,16,13.99,1,8
15424470000564271320,6901035601764,青岛啤酒500ml,1,6,6,0,1,6
15424470000564271320,6902538004045,乐百氏脉动青柠味600ml,1,5,5,0,1,2
154244695759610251322,6901028193498,芙蓉王包装,1,25,25,21.83,1,8
15424469569542873892,6933631501209,修正带,1,5,5,0,1,4
15424469569542873892,6935205345110,得力FA540缝线本(遇境),1,3,3,0,1,4
15424469569542873892,6970654190362,科目笔记,2,3.5,3.5,0,1,0
15424469569542873892,6933631526660,A540无线装订本,1,4,4,0,1,11
15424469569542873892,6941952003395,A4笔记本,1,9,9,0,1,0
15424469569542873892,1700001332,饰品,1,18,18,0,1,4
15424469569542873892,6941952003340,Teng Sheng笔记本,1,3,3,0,1,0
15424469569542873892,6941025100631,泰迪系列固体胶8g,1,2,2,0,1,4
15424469569542873892,6921734963666,得力固体胶No.6366  9g,1,2,2,0,1,4
15424469569542873892,6941952003579,腾盛B5线圈本,1,8,8,0,1,4
15424469662388607309,6931008488375,加减乘除雪花梅,1,9.5,9.5,0,1,0
15424469662388607309,6930946900185,步步为赢牛汁素肠,1,2.5,2.5,0,1,8
15424469662388607309,6901180681185,士多啤梨味威化饼,1,3,3,0,1,0
154244696866415169500,6928804011173,500ml可口可乐,1,3,3,2.2,1,4
154244696866415169500,6901028075763,中华包装,1,45,45,38.16,1,8
15424469585876316251,6901683813748,郎酒（嘉宾郎）,1,38,38,26,1,2
154244696978415991362,6916432200014,长康白醋,1,3.5,3.5,2.8,1,2
154244696978415991362,6902265150008,海天味极鲜,1,8.5,8.5,7,1,2
154244696978415991362,6934445458598,口杯,1,3,3,1.5,1,4
154244696978415991362,6916432203596,长康油,1,15,15,11,1,4
154244696978415991362,6922646100194,公牛18米排插,1,35,35,16,1,4
15424469678563046723,4902505450433,百乐果汁中性笔按动水笔 0.38,2,8,8,0,1,13
15424469678563046723,4902505381515,百乐笔,2,8,8,0,1,0
15424469678563046723,4902505381522,红笔,1,8,8,0,1,0
15424469710965224504,4891248060828,四海炸鱼丸,2,8.5,8.5,7.3,1,0
154244697064716629942,1,打火机,2,1,1,0.3,2,4
154244697064716629942,6901028191029,白沙包装,2,6,6,4.77,1,8
154244687804416739175,99999999-1,无码商品,1,11,11,0,1,0
154244697835822739400,6958214681888,15元松子食用槟榔,2,14,14,0,1,4
154244698002421749655,6925909980151,张新发槟榔35g,1,20,20,0,10,0
154244698002421749655,6901028000642,经典双喜硬盒,1,12,12,0,21,8
15424469840035229644,6924083400431,640ML瓶金装蓝带啤酒,2,7,7,5.66,1,0
15424469840035229644,6902902006811,厨师鸡粉（227*12）,1,10,10,9.1,1,0
15424469851097222944,6942717701839,和其正凉茶(植物饮料)550ml,1,4,4,2.67,1,4
15424469851097222944,6916196422349,李子园草莓风味乳饮料450ml,1,5,5,3.75,1,4
15424469851097222944,6931273201099,和成天下青果槟榔,1,20,20,16,1,4
15424469851097222944,6901028180573,黄鹤楼精品香烟,1,19,19,16.43,1,0
154244693304819563110,6920761200041,加加特制酱油,1,6.5,6.5,5.16,20,2
154244693304819563110,6922824055018,李锦记精选生抽500ml,1,7.5,7.5,6.6,20,4
154244693304819563110,6922130101034,太太乐鸡精100g,1,5,5,3.9,20,8
154244698949213228751,11,一元,5,1,1,0.8,1,4
154244698354923143456,6921294396362,康师傅红茶1L,1,4,4,0,11,2
154244699025515053792,6901028191012,白沙包装,1,6.5,6.5,3.81,1,8
154244698813621088542,6925909980151,张新发槟榔5g,2,20,20,16,10,8
154244699252222265834,6901028063364,白沙新精品二代包装,1,10,10,8.8,21,8
15424469889466409878,99999999-1,无码商品,1,13,13,0,1,0
154244692394721901792,6925303730574,统一阿萨姆原味奶茶500ml,1,4,4,3,11,2
154244692394721901792,6902538004045,乐百氏脉动青柠味600ml,1,4,4,3,11,2
154244698758524075962,6921311189465,康师傅冰糖雪梨500ml,1,3,3,0,11,2
154244699665821296645,6947503704063,光笔黑色MF007,1,2,2,0,9,13
31315424470519322,6928417205587,九九香纸巾,1,6,6,0,1,0
154244699291219117932,6958214616880,叼嘴巴食用槟榔20g,1,10,10,0,10,7
15424469942617588662,0,开财门,1,0.02,0.02,0.01,1,4
15424469989685226059,6904406960507,610ML大远航九江米酒,2,9,9,8,1,0
154244699783822736293,6921922401222,土牌野山椒土鸡爪,1,5,5,0,1,4
154244700014412474562,99999999-1,无码商品,1,24,24,0,1,0
154244702107114756924,6901028193498,芙蓉王包装,1,25,25,22.3,1,8
154244700019617772899,6924743919211,乐事美国经典原味70g,1,6,6,4.9,10,8
154244700019617772899,6901715290868,魔法士脆不可挡疯狂烤肉味,1,1,1,0.75,10,7
154244700019617772899,6954721879305,大年红16g鱿鱼串辣烤,1,2,2,1.5,10,7
154244700202517213187,6930487920291,仙人掌面片,1,1.5,1.5,0,1,0
154244700447110334574,6925909980151,张新发槟榔5g,1,20,20,16,1,8
154244700478719118256,6901028015417,真龙子包装,1,5.5,5.5,4.77,21,8
154244700364719396926,6925909980151,张新发槟榔5g,1,20,20,15.58,10,8
154244700612016171619,99999999-1,无码商品,1,14,14,0,1,0
24815424470055133,6934502300396,东鹏特饮维生素功能饮料,1,6,6,4,1,0
24815424470055133,6901028000826,双喜经典,1,11,11,0,1,3
24815424470055133,6901028143493,土楼（1575）,2,20,20,0,1,0
24815424470055133,6943416255555,帅童环保一次性胶杯,1,4.5,4.5,0,1,0
24815424470055133,6953442901999,辣条,1,4,4,0,1,0
24815424470055133,6935284412918,大面筋,1,4,4,0,1,8
15424469994633181279,6924160712723,无穷盐鸡腿70g,1,10,10,7.68,1,7
154244700843215603504,6901028221443,贵烟越包装,1,25,25,20.14,1,8
154244700843215603504,6901028000642,双喜经典包装,1,12,12,10.01,1,8
154244700843215603504,6901028942898,双喜精品好日子包装,1,11,11,9.32,1,8
154244700887023959313,6901028000161,羊城红条装,2,48,48,0,1,0
154244700754121741243,6901028191029,白沙,2,6.5,6.5,0,21,4
154244701205810251280,6901028191012,白沙包装,1,6.5,6.5,3.81,21,8
154244701338415058561,6903244373043,七度空间甜睡420,1,9,9,0,1,0
154244701597619111707,6901028199414,芙蓉红包装,1,4,4,1.9,21,8
154244701494416585173,6901028193498,芙蓉王包装,1,25,25,21.83,1,8
15424470164707583204,0,开财门,1,0.02,0.02,0.01,1,4
154244701548613859514,6930759606946,节能灯,1,18,18,0,1,0
15424470157296366938,6925303770563,统一汤达人日式豚骨拉面78g,1,5.5,5.5,4.5,1,15
154244701653920709680,6921168550128,维他命水柠檬味500ml,1,5,5,0,11,2
154244701250924384662,6901028014229,真龙韵包装,1,20,20,0,1,0
15424470196007221704,6901028191012,软白沙盒,2,6,6,3.82,1,4
15424470220415776987,6925303714208,统一泡椒牛肉面(桶),1,4,4,3.29,1,14
15424470220415776987,6925303791155,汤达人海鲜拉面,1,5,5,4.17,1,0
15424470220415776987,6901028000642,双喜（硬经典）香烟,1,12,12,10.02,1,8
154244702143619331202,99999999-1,无码商品,1,9,9,0,1,0
15424470267605777613,99999999-1,无码商品,1,58,58,0,1,0
15424470203158671773,6956511907878,碧根果120g,1,18.5,18.5,13.7,1,8
15424470203158671773,6948939651587,百草味旦木奶油味100g,1,12,12,8.5,1,8
15424470203158671773,99999999-1,无码商品,1,10,10,0,1,0
154244702414121123769,6901028191043,白沙品包装,1,9.5,9.5,9.05,21,8
154244702588015604035,6928804011760,可口可乐600ml,1,3,3,2.34,1,2
154244702738819116007,6901028311151,云烟紫包装,1,10,10,9.01,21,8
15424470271947341356,6921168504015,HA夫尖叫活性肽运动饮料550ml,1,5,5,3.8,1,2
15424470317035229570,6902150222339,雪花午餐肉,1,11,11,9.79,1,0
15424470317035229570,6953694800026,面800克,1,8,8,6.35,1,0
15424470335427342542,6911316582002,阿尔卑斯乐嚼Q混合口味橡皮糖挂板装22g,1,1,1,0.7,1,7
15424470305066186644,6901028193498,芙蓉王包,2,25,25,21.84,1,0
154244703393113225593,11,一元,2,1,1,0.8,1,4
154244703393113225593,6905734202024,旺旺130g煎饼,1,6,6,5,1,7
154244703480522263411,6921311193790,康师傅蜜茶600ml,1,3,3,2.15,11,2
15424470352208866400,99999999-1,无码商品,1,1,1,0,1,0
154244703810819118371,6901028191012,白沙包装,1,6.5,6.5,3.81,381,17
154244702632821293233,6947503704063,光笔黑色MF007,1,2,2,0,9,13
15424470418107345879,6901028155571,哈德门金典包装,1,6,6,4.6,21,8
15424470427948866724,99999999-1,无码商品,1,15,15,0,1,0
154244704490522591969,99999999-1,无码商品,1,3,3,0,1,0
154244704490522591969,99999999-2,无码商品,1,48,48,0,1,0
154244704771912479604,99999999-1,无码商品,1,15,15,0,1,0
154244704626120788780,6901028118170,盒红利群,1,15,15,12.6,21,8
154244704626120788780,6901028046886,精品红云烟,1,10,10,8.8,21,8
15424470489977344950,6901285991219,中怡宝饮用纯净水555毫升,1,2,2,1,1,2
15424471173433334384,6907992504476,伊利麦香味早餐奶 250ml,1,3.5,3.5,0,1,4
15424471173433334384,6907992100272,伊利纯牛奶 250ml,1,3,3,0,1,4
15424471173433334384,6907992500133,伊利高钙低脂奶,2,3.5,3.5,2.2,1,4
154244705270519115787,6901028193856,芙蓉王包装,1,35,35,30.74,21,8
15424470525929015920,99999999-1,无码商品,1,2.16,2.16,0,1,0
154244705765220117803,6901035605328,青岛啤酒经典10度500ml易拉罐,4,5.5,5.5,0,1,0
154244705686919389781,6914782114326,熊博士口嚼糖水蜜桃味,1,2,2,0.8,10,0
154244705686919389781,6922577727446,君乐宝炭烧酸奶,1,4,4,2.14,1,0
154244704105017447455,99999999-1,无码商品,1,14,14,0,1,0
154244704105017447455,6927589868866,蜀津坊500g红油豆瓣,1,6,6,0,1,2
154244704105017447455,6906151600462,牛栏山陈酿白酒500ml,1,18,18,0,1,2
15424470590496687945,6923450657188,益达木糖醇无糖口香糖清新西柚味40粒装,1,10,10,8.8,10,2
154244706932921909824,6927750900036,武冈香辣卤香干,1,5.5,5.5,0,1,0
154244705336524264143,6901028221504,贵烟者包装,1,26,26,22.5,21,8
15424470620252348759,6901209214295,莫斯利安益生菌原味 200g,1,6.5,6.5,0,1,0
15424470620252348759,6907992103419,伊利畅轻燕麦+芒果 250g,1,8.5,8.5,0,1,0
154244706183722591937,99999999-1,无码商品,1,1,1,0,1,0
15424470125714979802,6901584000216,张裕金奖白兰地38度500ml,2,24,24,0,1,2
154244706362519115679,6901028193498,芙蓉王包装,1,25,25,21.83,21,8
15424470652738869495,99999999-1,无码商品,1,15,15,0,1,0
154244709298621666888,6935313800075,煅炼0075衣架中号,1,10,10,0,1,0
154244709298621666888,6921284421333,洁伶全程护理庄卫生巾3片,1,10,10,7,8,8
154244709298621666888,6903148078891,汰渍净白去渍洗衣粉508g,1,5.5,5.5,0,8,7
154244709298621666888,6927149302212,澳雪百合花香沐浴露900g,1,15,15,0,8,2
15424470367386181996,6901028003773,双喜（百年经典）,1,20,20,17.5,1,3
15424470656302095182,6901028227933,龙凤呈祥(百年好合),1,15,15,0,1,0
15424470702845184227,99999999-1,无码商品,1,5,5,0,1,0
15424470702845184227,6948960101105,哈尔滨啤酒小麦王500ml,7,5,5,0,1,6
15424470592566739936,6952813400031,食用青果槟榔(一品口味王爵爷）40g,1,15,15,0,1,8
154244708157519191631,99999999-1,无码商品,1,15,15,0,1,0
154244707231115702367,6920734728664,干拌爆椒牛肉碗面,1,5.5,5.5,4.08,1,14
154244707231115702367,6925303773915,统一老坛酸菜牛肉面121g,2,2.5,2.5,2,1,7
15424470737168022970,6901028193498,芙蓉王(硬),1,25,25,0,1,8
154244707119322154799,6923644266318,蒙牛特仑苏纯牛奶250ml2,1,60,65,0,1,0
15424470741945841974,6908946287315,百事可乐可乐型汽水,1,3.5,3.5,2.3,1,4
154244707060919388873,6925303710156,统一100红椒牛肉面,2,2.5,2.5,2,10,0
154244707744624343192,6951981904853,叶原坊榴莲糖,2,2.5,2.5,0,1,0
154244707744624343192,6948797204642,上上好烤鸡蛋双旦,2,3,3,0,1,0
15424470711893397883,99999999-1,无码商品,1,10,10,0,1,0
154244609389624476988,6917878044729,雀巢咖啡原味15g,1,1.5,1.5,0.95,11,10
15424470789107332822,99999999-1,无码商品,1,13,13,0,1,0
15424470789107332822,99999999-2,无码商品,1,7,7,0,1,0
15424470816428047379,6902265114321,海天特级生抽王500ml,1,8,8,0,1,2
15424470846448047944,6902265610014,海天白米醋450ml,1,5,5,0,1,2
154244708430220111138,6901028191043,白沙品包装,1,9.5,9.5,8.5,21,8
154244708912618098073,6920658210436,摇滚冻草莓味92g,1,4,4,3.2,10,3
154244706076824379422,6901028223997,黄山象一品盒装,1,7,7,6.15,21,8
15424470758786185863,6922024730029,大白兔奶糖114g,1,7,7,5.3,1,8
15424470758786185863,6920907808018,好丽友磨古力饼48g,1,4.5,4.5,3.3,1,8
15424470868608041630,6916432989889,长康香芝麻油,1,10,10,0,1,2
154244709235615434656,6901028001618,双喜经典1906包装,1,16,16,15.05,21,8
15424470817506329005,99999999-1,无码商品,1,5.5,5.5,0,1,0
15424470817506329005,6934660516714,苏菲立体柔棉感420夜用4片,1,9,9,0,1,4
15424470745277962680,6925909980151,张新发槟榔35g,1,18,18,16,1,8
15424470745277962680,6901028316880,红塔山新时代,2,10,10,9.4,21,8
15424470745277962680,6954767410388,可口可乐330ml,1,2.5,2.5,1.7,1,6
15424470745277962680,6954767430386,可口雪碧330ml,1,2.5,2.5,1.71,1,6
15424470905598041161,6908570101018,龙牌酱油,1,6,6,0,1,2
154244708903724347917,6925303730574,统一阿萨姆原味奶茶500ml,1,4,4,0,1,0
154244708903724347917,6901028942898,双喜精品好日子包装,1,11,11,9.32,21,8
15424470995663785234,99999999-1,无码商品,1,8,8,0,1,0
154244709202914984552,6901028000826,双喜经典包装,2,10.888888888888888,10,8.58,1,8
154244709202914984552,6911988005205,达利园熊字饼15g,1,2.722222222222222,2.5,1.9,1,7
15424471086243893766,6935284413960,亲嘴烧（麦辣鸡汁味） 32g,3,1.5,1.5,0.9,1,8
15424471086243893766,4897085790539,金稻谷冰淇淋糖50,2,1,1,0.59,1,16
15424471086243893766,6914973602908,脆香米脆米心牛奶巧克力,2,3.5,3.5,2.5,1,10
15424471086243893766,6901496221884,梁丰麦丽素牛奶巧克力5g,2,2,2,1.45,1,4
154244709357222596628,6941681800326,辣王剁椒,1,15,15,0,1,4
15424470973008045619,4897086130389,弹糖机,1,8,8,0,1,4
154244709167112523484,6924743919242,乐事墨西哥鸡汁番茄味70g,1,6,6,4.8,1,8
154244690502324095621,6920734712663,康师傅桶面,1,39,39,38,1,4
15424471035755773990,6901028000826,双喜(软经典),2,10,10,8.59,1,8
154244703589722289073,6922266451683,清风软抽面纸,1,12,12,0,1,0
154244703589722289073,6920354810305,高露洁360健康牙龈200g0g,1,13,13,11,8,13
154244703589722289073,6970470230235,诗黛尔水光不沾杯口红,1,35,35,26,1,4
154244703589722289073,6920001158187,高级儿童霜,2,2.5,2.5,2,1,4
154244703589722289073,6938902619089,草本健肤沐浴露润保湿,1,25,25,0,1,4
154244703589722289073,6902088106138,夏士莲多效护养洗发露,1,32,32,0,1,4
15424470982672341308,4710199109205,张君雅小妹妹草莓味甜甜圈,1,9.9,9.9,9,1,4
15424470982672341308,6956416200067,美汁源果粒橙橙汁饮料,1,4,4,0,1,0
15424470982672341308,6901035609715,青岛啤酒10度330普通易拉罐,2,4.5,4.5,0,1,6
154244709537324374208,6901028223997,黄山象一品盒装,1,7,7,6.15,21,8
15424471184942775871,6906151600462,牛栏山陈酿白酒500ml,1,15,15,12.5,1,0
15424471233422775955,6925303710187,统一100 红烧牛肉 (袋面）103g,1,2.5,2.5,2.08,1,0
154244711333816032266,6901028191029,白沙包装,1,6,6,4.77,21,8
154244711377111397091,6901028193863,蓝硬芙蓉王条装,3,350,350,307.4,1,10
15424471160164977763,6912398302113,红荔牌红米酒,2,14,14,0,1,0
15424471170037585586,6953476000194,田螺,1,1,1,0.8,1,4
15424471351163891374,6921294347395,康师傅 冰红茶（热带水果味茶饮品）,1,3,3,2.22,1,0
15424471351163891374,6954591700341,重庆小面  50包,1,0.5,0.5,0.35,1,7
15424471351163891374,6971386340100,糖醋排骨30,2,0.5,0.5,0.35,1,4
15424471351163891374,6924308300355,小滑头30,1,0.5,0.5,0.35,1,4
15424471351163891374,6954909100474,老妈牛肉 盘,2,0.5,0.5,0.35,1,8
154244711217322261057,6901028191043,白沙精品一代包装,1,10,10,7.63,21,8
15424471339032774573,6907992512570,伊利安慕希原味酸奶,1,6,6,3.83,1,3
154244712569611391156,6901028191166,精品白沙品条装,3,88,88,76.32,1,10
154244712614819745466,6901028193498,芙蓉王包装,1,25,25,21.83,21,8
154244712776916878951,6901028193498,芙蓉王包装,1,25,25,21.83,1,8
154244712776916878951,6901028001489,双喜包装,1,7,7,5.72,1,8
154244706850423096180,99999999-1,无码商品,1,2,2,0,1,0
154244706850423096180,6933364808095,旺家婆鸡排00g,1,6,6,0,10,8
154244712714124347149,6901028117579,利群蓝包装,1,18,18,0,1,0
15424471984623338131,6956416200067,美汁源果粒橙橙汁饮料450ml,1,3.5,3.5,0,1,4
15424471984623338131,6952605925681,柴火干,2,1,1,0.5,1,7
15424471984623338131,6947263700039,不差钱式挤压糕点,1,0.5,0.5,0,1,0
15424471984623338131,6939650400097,翻天娃,1,0.5,0.5,0.2,1,7
15424471984623338131,6947758510020,爆椒素牛筋,1,4,4,2.2,1,4
154244713254813857185,99999999-1,无码商品,2,4,4,0,1,0
154244713254813857185,6924254686299,欢乐家生榨椰子汁5L,1,15,15,0,1,2
154244713681916037833,6901028193498,芙蓉王包装,1,25,25,21.83,1,8
15424471213603185428,2,鸡蛋,1,10,10,6.5,1,4
15424471391206979049,6901028004046,双喜(金01),1,15,15,0,1,8
15424471405447221014,067,厚行李袋,2,18,18,6,1,4
154244713831312262867,6935284412130,卫龙大辣棒,1,4,4,2.8,1,8
154244713831312262867,6970313196018,烧土豆,2,1,1,0.85,1,7
154244713831312262867,6924187820067,洽洽香瓜子160g,1,6,6,4.8,10,8
154244713707923098975,99999999-1,无码商品,1,15,15,0,1,0
154244701897013663699,6901028160278,黄金叶乐途包装,1,15,15,0,21,8
154244701897013663699,6901028063692,白沙红运当头包装,2,20,20,0,1,8
154244714597210013970,6901028196925,白沙天下包装,1,100,100,84.8,1,8
15424471458834191047,6941952000714,作文本,2,2,2,0,1,4
154244714821719461962,99999999-1,无码商品,1,106,106,0,1,0
154244712742417655952,6901028191012,白沙包装,2,6.5,6.5,3.81,1,8
154244714988810015355,6901028196925,白沙天下包装,1,100,100,84.8,1,8
154244715319810018010,6901028196925,白沙天下包装,1,100,100,84.8,1,8
154244715214922269925,6902083881085,娃哈哈大AD钙奶20ml,4,2,2,1.4,11,2
154244715336317276993,99999999-1,无码商品,1,12,12,0,1,0
154244715528916588495,6901028192729,白沙精品三代包装,1,15,15,12.93,1,8
154244715674910015873,6901028196925,白沙天下包装,1,100,100,84.8,1,8
154244715497319381771,6924160713546,烤鸡小腿,2,3,3,2,10,0
154244715497319381771,6927018499050,鱿鱼丸,1,1.5,1.5,0.68,10,0
154244715497319381771,6921555522370,今麦郎一桶半葱香排骨面158g,1,5.5,5.5,4.6,10,14
154244715497319381771,6922878167521,傻明瓜子山核桃味,1,9.8,9.8,6.41,1,0
154244715497319381771,6920907809909,好丽友薯愿香局番味,1,8.5,8.5,6.6,10,0
154244714493017273772,99999999-1,无码商品,1,92,92,0,1,0
154244717029618775335,6923644223458,蒙牛纯牛奶250ml,2,3,3,2.1,11,3
15424471531279126748,6925909980342,张新发木糖醇20元槟榔,1,18,18,16,1,4
154244716251117394292,6938339161007,幽香苑500克绿茶,1,30,30,0,1,0
154244716088716418368,6901028191043,白沙品包装,1,10,10,7.63,1,8
154244716140516876268,6931273213559,食用槟榔运当头8g,3,13,13,11,1,8
15424471837935784494,99999999-1,无码商品,1,0.5,0.5,0,1,0
154244716847913688012,6922824589131,真巧120g牛奶味夹心饼干,1,4,4,2.5,1,8
154244718027413095177,6901028317122,玉溪包装,1,21,21,20.14,1,8
15424471736546313354,6901028046886,云烟(硬紫）,1,10,10,8.8,1,3
15424471736546313354,6901028191012,白沙（软） 1*10,1,6.5,6.5,6,1,8
154244717095511189294,6901028015530,真龙娇子盒装,1,6.5,6.5,0,1,0
154244717297421419732,6901028191012,白沙包装,1,6.5,6.5,6.25,21,8
154244717297421419732,6901035603515,青岛啤酒经典8度600毫升,2,5,5,4.7,1,4
154244717297421419732,6925909980151,张新发槟榔5g,1,20,20,16,1,8
154244717417416607445,99999999-1,无码商品,1,3,3,0,1,0
154244717597621123116,6901028192729,白沙精品三代包装,1,15,15,12.93,21,8
154244717454722626417,8888013,面粉,1,5,5,3.8,381,17
15424471785579065928,6901028191012,白沙包装,1,6.5,6.5,4.6,1,8
15424471785579065928,6901028118170,利群版包装,1,14,14,12.29,1,8
15424471961433896106,6937221705541,贤哥武术鸭香辣鸭脖16g,2,1,1,0.75,1,8
15424471961433896106,6936003512414,旺仔牛奶糖,1,1,1,0.75,1,8
15424471961433896106,6932404910002,炭烧点心面香葱鸡汁味,1,0.5,0.5,0.35,1,8
154244718328323253366,6901028063692,白沙红运当头包装,1,20,20,0,1,0
15424471804206315387,6901028191043,白沙（精品）,1,9.5,9.5,7.63,1,8
154244718844510131651,6921555525111,今麦郎刀削宽面香辣牛肉面,1,5,5,3.83,1,0
154244717824217395005,99999999-1,无码商品,1,5,5,0,1,0
154244717824217395005,6906151600462,牛栏山陈酿白酒500ml,1,14,14,12.08,1,2
15424471718034425670,6901028004183,软经典1906,1,16,16,14.31,1,0
15424471718034425670,6901584030305,38%张裕(三星)金奖白兰地700ml,1,30,30,26,1,0
154244720453815369863,6933125698873,湘潭铺子15元装,1,15,15,11,1,8
15424471800087967483,6970621000366,万劲椰子汁125升,1,12,12,8,1,2
15424471800087967483,6956367338697,王老吉凉茶植物饮料15L,1,12,12,8.34,1,2
15424471800087967483,6901683821255,小郎酒100ml,3,15,15,10.5,1,2
154244719720815253604,6901028317122,玉溪包装,1,23,23,20.14,1,8
154244719720815253604,6914068013633,洁柔CR0111Cmp特惠200抽抽取式纸面巾,1,12,12,6,1,5
154244720100016601333,99999999-1,无码商品,1,32,32,0,1,0
154244720014720782138,6920470110051,远望五香南乳花生100G,2,4,4,2.88,10,8
154244720014720782138,6901028142151,纯雅七匹狼,2,17,17,14.31,21,8
154244720014720782138,6925274500756,椰子奶,1,12,12,8.5,11,2
154244720014720782138,6948960100030,百威啤酒500ML,4,6,6,4.7,11,2
154244720014720782138,9336399000880,88红酒,1,85,85,0,1,0
154244720811214415406,6901028193498,芙蓉王包装,1,24,24,21.83,1,8
154244719993723747244,6901028075053,牡丹条装,1,140,140,137,21,10
154244724471520033414,6901028221450,贵烟越条装,1,230,230,201.4,21,10
15424472010918392552,6937221709785,贤哥野山椒笋尖腌菜0g,1,3,3,1.8,20,8
15424472010918392552,6937221717575,贤哥台式烤香肠原味24g,2,1,1,0,1,0
15424472010918392552,6934502301850,500ml东鹏特饮维生素功能饮料,1,5,5,0,1,4
154244720632411184308,6901028111263,南京赫门包装,1,16,16,14.31,1,8
15424472242553893917,6926265339058,上好佳芝士条10g,1,0.5,0.5,0.35,1,8
15424472242553893917,6926265339386,上好佳（鲜虾片）10g,1,0.5,0.5,0.35,1,4
15424472242553893917,6926265339515,上好佳洋葱圈,1,0.5,0.5,0.35,1,4
15424472242553893917,6926265339010,上好佳鲜虾条,1,0.5,0.5,0.35,1,8
15424472242553893917,6932404910002,炭烧点心面香葱鸡汁味,1,0.5,0.5,0.35,1,8
15424472242553893917,6932404911900,点心面3种,1,0.5,0.5,0.35,1,8
15424472111659495842,4893888001575,李锦记金标生抽500ML,1,7,7,1,1,4
15424472111659495842,6922507820315,华夏一面经典原味挂面800g,1,10,10,1,1,4
15424472111659495842,6924810801326,卡士鲜酪乳原味120g,1,9,9,8,1,4
15424472111659495842,6943122300020,沈师傅鸡蛋干100g,1,3.5,3.5,1,1,4
15424472111659495842,6904422906299,科迪原生牛奶,2,3.5,3.5,0,1,7
154244721123617392990,99999999-1,无码商品,1,2,2,0,1,0
154244721123617392990,99999999-2,无码商品,1,7,7,0,1,0
154244721123617392990,99999999-3,无码商品,1,2,2,0,1,0
154244721123617392990,99999999-4,无码商品,1,3,3,0,1,0
15424472079586952096,6901028000826,双喜经典包装,2,10,10,8.58,21,8
154244721239111189043,6901028111263,南京赫门包装,1,16,16,14.31,1,8
154244721236323094569,6925019900490,姚记扑克,2,3,3,0,1,0
154244721369422263152,6901028191012,白沙软白,1,6,6,3.85,21,8
154244721545115253878,6944649700065,百岁山饮用纯净水560ml,1,2,2,1,1,2
154244721756110497615,6920202888883,红牛,1,6,6,0,1,0
154244721756110497615,6951420916058,韩后-竹炭软毛牙刷605,2,5,5,0,1,0
154244721429024077450,6901028053105,红塔山恭贺新禧包装,1,15,15,0,1,0
154244721982513791430,99999999-1,无码商品,1,6.5,6.5,0,1,0
15424472221347094030,6901683804982,45°如意郎小酒,1,18,18,0,1,0
15424472221347094030,99999999-1,无码商品,1,10,10,0,1,0
15424472221347094030,6935962601894,梁嘉茶油剁辣椒458克,1,13,13,0,1,0
154244722148519384121,6901028207041,老利群,1,16,16,14.31,21,0
154244722322711229394,6956511904433,现好零食口凤梨酥,1,17,17,12.9,1,8
154244722322711229394,6924743918610,乐事大波浪铁板鱿鱼味70g,1,6,6,4.9,1,8
154244722322711229394,6920907808575,好丽友里脊牛排味70g,1,6,6,0,1,7
154244722322711229394,6931273201099,青果槟榔,1,20,20,16,10,8
154244722322711229394,6957104100041,开心豆肉味,2,3,3,2,1,4
154244722322711229394,6952567001805,泡泡豆干,1,5,5,3.4,1,8
15424472250496226274,6956511907472,三只松鼠香酥小黄鱼,1,11,11,0,1,4
154244722999818091171,6970889793703,三汇森活一次性幸福筷,1,13,13,9,9,4
154244722999818091171,6926292570714,日美一次性碗号M54305,2,5,5,3.8,9,4
154244723717723478028,6920761200706,加加面条鲜生抽酱油,1,9,9,0,1,0
154244723717723478028,6921804700757,陶华碧老干妈风味豆豉280g,1,8.5,8.5,0,1,0
154244723717723478028,6922507821848,北方劲道挂面,1,9,9,0,1,0
154244723717723478028,6956064000439,320克海藻碘盐,5,2.5,2.5,2,1,4
15424472235853185088,6920354810282,高露洁360度美白牙膏140g,1,14.5,14.5,11.1,1,13
154244723989921901575,6901028193498,芙蓉王包装,1,25,25,21.83,21,8
15424472281127077303,6920238011132,农心乌龙面,1,5,5,3.5,1,7
15424472281127077303,6920238011118,农心辣白菜面泡面120g,2,5,5,3.5,1,7
154244722094022624307,6902132087055,冷酸灵消炎止血牙膏185g,1,5,5,3.8,8,13
154244722094022624307,6903148034149,佳洁士盐白牙膏140g,1,5,5,3.61,8,13
154244722094022624307,6921804700757,陶华碧老干妈风味豆豉280g,1,8,8,6.87,10,2
154244724219513093186,99999999-1,无码商品,1,6,6,0,1,0
154244723267018341607,6923450605318,绿箭无糖薄荷糖茉莉花茶味23g,1,9,9,7,10,6
154244723313817278501,99999999-1,无码商品,1,22,22,0,1,0
154244723522714551095,6925303754112,统一海之言,1,4,4,2.9,1,0
154244723522714551095,6956416205147,美汁源爽粒花语白葡萄,1,4,4,2.75,1,0
154244723522714551095,6903431238872,竹叶青,1,17,17,15,1,0
15424472338986973915,4891338000949,黑人牙膏0g,1,5.8,5.8,3.5,1,13
15424472338986973915,6901668200082,奇宝梳打饼麻00g,1,4.5,4.5,0,1,8
15424472338986973915,4891028164395,进口维他奶原味250ml,2,3,3,0,1,3
15424472338986973915,6907992512570,伊利安慕希希腊酸奶 205g,2,5,5,0,1,3
154244723506118159328,6901028191012,软白沙,1,6.5,6.5,3.81,21,8
154244723628212644469,6901028000826,双喜经典包装,1,10,10,8.58,1,8
154244723702322986479,6901028300056,南京包装,1,13,13,10.28,21,8
154244723702322986479,6925303773106,来一桶老坛酸菜牛肉面120g,1,4,4,3.33,10,14
154244724107722268049,6901028191012,白沙软白,1,6,6,3.85,21,8
154244724507424475166,99999999-1,无码商品,1,1,1,0,1,0
15424472415976315063,6907992100272,伊利纯牛奶250ml,3,3,3,2.13,1,3
15424472415976315063,6901035609715,罐装青岛啤酒,1,3.5,3.5,2.58,1,2
15424472415976315063,6959539303646,珍果园苹果醋,1,13,13,7,1,2
15424472415976315063,6901035605328,青岛经典听装啤酒 500ml,1,6,6,4.33,1,2979
15424472498526971964,6927157682160,椰牛果肉椰子汁1.25L,1,12,12,0,1,2
154244724755117212990,6948960100993,百威哈尔滨冰纯啤酒,2,5.5,5.5,0,1,0
154244724755117212990,6970625580024,铭宏山椒小萝卜,1,3.5,3.5,1.8,10,8
154244724755117212990,6970620530086,麦好味法棍面包,1,3.5,3.5,2.3,10,4
154244724755117212990,6922359500403,百食佳小旋风面包,1,3.5,3.5,2.3,10,4
154244724755117212990,6959011900837,利民轩奶酪面包,1,3.5,3.5,2.3,10,4
154244724755117212990,6925303773243,来一桶香菇炖鸡南03g,1,4.5,4.5,0,1,0
154244724755117212990,6900873714070,康师傅酸菜牛肉面,1,4.5,4.5,0,10,14
154244724755117212990,6925303714277,来一桶炖排骨105g,2,4.5,4.5,0,1,0
154244724755117212990,6900873714636,康师傅桶面上汤鲜虾115g,1,4.5,4.5,0,1,0
154244724755117212990,6900873000777,康师傅珍品红烧牛肉106g,1,4.5,4.5,0,1,0
154244725076521126026,99999999-1,无码商品,1,6,6,0,1,0
15424472528556972675,6902538005141,乐百氏脉动水蜜桃味600ml,1,4,4,0,1,2
154244723205311221006,6925303714017,统一来一桶红油爆椒牛肉面110g,2,4,4,3.25,1,14
154244730936917551077,99999999-1,无码商品,1,15,15,0,1,0
154244725657818452395,6925303773915,统一老坛酸菜牛肉面121g,1,2.5,2.5,2,10,7
15424472573446322602,6922824055063,李锦记锦珍生抽,1,6,6,0,1,4
154244725307615557009,6906151600462,牛栏山陈酿白酒500ml,1,15,15,12.08,1,2
154244725307615557009,6901028942973,双喜金樽好日子条装,1,260,260,243.8,381,17
154244725832118893972,6901028201728,芙蓉王细支条装,1,280,280,0,1,0
154244725869817779310,6946594000016,金香园奶油大小法饼统糕饼湖南特产一发,2,1,1,0.7,10,4
15424472670984423376,8000,兑奖收钱,1,1,1,0,1,4
154244726097410974529,6901028191043,白沙精品包装,1,9,9,7.63,1,8
154244726076412648488,6901028191012,软白沙包装,2,6.5,6.5,3.81,21,8
154244726055915701350,6906151600462,牛栏山陈酿白酒500ml,1,15,15,12,1,2
154244726236315058430,6901028311458,红河,1,10,10,0,1,0
154244726278811222179,6914782114319,熊博士口嚼糖葡萄味2克,2,1,1,0.8,1,7
154244726332210498903,6925303714086,红烧牛肉面,1,4,4,0,1,0
154244726332210498903,6901028191043,白沙（金）,1,9,9,7.63,1,0
154244726392418452018,6921804700757,陶华碧老干妈风味豆豉280g,1,8,8,7,20,2
15424472706006441728,69028571,绿箭金属瓶装原味薄荷糖35粒,1,9,9,0,1,2
15424472654239498215,6916432220081,长康香醋500ML,1,4,4,1,1,4
15424472654239498215,6908570201084,龙牌酱油500ML,1,6,6,1,1,4
15424472654239498215,4893888001575,李锦记金标生抽500ML,1,7,7,1,1,4
154244726432017535768,6934502300181,陈皮特饮,1,3,3,1.5,1,2
15424472658286346768,6931273201099,青果槟榔,1,20,20,0,1,4
15424471996636385122,6920907803068,好丽友Q蒂多层蛋糕（28g*2枚）56g,1,4.5,4.5,3.8,1,3
15424471996636385122,6914973600041,德芙香浓黑巧克力3g,1,8,8,6,1,10
15424471996636385122,6938888887588,抹茶青豆奶茶,1,6,6,0,1,4
15424471996636385122,6948939665409,草味莓干80g,1,8,8,7,1,4
154244727415910779008,6902265150008,海天味极鲜特级酱油380ml,1,7,7,6,1,2
15424472725434216971,6921804700702,陶华碧老干妈香辣菜60g,2,1.5,1.5,0,1,0
15424472725434216971,6925846030124,待定,1,4,4,0,1,8
15424472749934973790,6931273213559,食用槟榔（鸿运当头）,1,15,15,0,1,0
154244727753518456206,99999999-1,无码商品,1,30,30,0,1,0
154244727438012268335,6922130101034,太太乐鸡精100g,1,4.5,4.5,3.8,1,8
154244727788917213884,6920907808513,好丽友呀土豆薯片袋装茄酱,1,4,4,0,1,0
154244727685221881234,6940867588898,无所味槟榔,1,5,5,0,1,4
154244728186314836967,6925814851362,小龙王九总槟榔28g,1,15,15,11,10,8
15424472832997226527,6903622798888,52度邵阳大曲,1,13,13,10.4,1,4
154244728351518459580,99999999-1,无码商品,1,37,37,0,1,0
154244728538010971080,6951027300113,42克馋大嘴巴石磨豆干,1,1,1,0.7,1,4
154244728538010971080,6951027300045,馋大嘴巴豆腐卷,2,1,1,0.7,1,4
154244728538010971080,6901668005724,奥利奥轻甜夹心饼干16g,1,6,6,5,1,3
154244729778915369236,6924187821644,洽洽香瓜子260g,1,9,9,7.5,10,7
154244729778915369236,6956064018038,320克海藻碘盐,1,2.5,2.5,0,1,7
154244729778915369236,6956064000422,雪天绿色加碘精制盐,1,2,2,1.2,1,7
154244728745620119345,6931273213559,食用槟榔运当头8g,1,14,14,11,10,8
154244729834423478524,6901028193498,芙蓉王包装,1,25,25,21.83,21,8
154244729834423478524,1,打火机,1,1,1,0.5,2,4
154244728945412857453,6932599212202,洋河之蓝2度480ml,2,198,198,141,1,2
154244728958417438014,6903244370943,七度空间少女系列日用卫生巾5片装,1,5,5,0,1,0
154244728958417438014,6954767410388,可口可乐330ml,1,2.5,2.5,1.8,1,6
154244729129118459200,99999999-1,无码商品,1,58,58,0,1,0
154244729101113124465,6901028191012,白沙包装,1,6.5,6.5,5.8,1,8
154244729101113124465,6901028193498,芙蓉王包装,1,25,25,22.3,1,8
15424472947147205804,6906151600462,牛栏山陈酿白酒500ml,1,15,15,12.08,1,2
154244729773810098538,6922266439285,清风3层卷筒卫生纸,1,3,3,2.2,9,4
15424472966179062627,6906151600462,牛栏山陈酿白酒500ml,2,18,18,14,1,2
154244726860416638679,6901028193498,芙蓉王包装,1,25,25,21.83,1,8
15424473084102771533,6901028942966,金尊好日子,1,27,27,24.25,1,0
15424473084102771533,6925909987099,皇爷雄究究究头黑果食用槟榔,1,5,5,3.75,1,0
154244729700923097821,6924160712617,无穷盐焗鸡翅60g,1,9.5,9.5,7.8,10,8
154244728798322628741,6901028191166,精白沙条装,2,89,89,76.32,21,10
15424472986685047149,6901890800142,两面针牙膏 105g,1,3.5,3.5,2.8,1,13
154244730289512603140,6945391480014,孟龙泡椒牛筋,1,0.5,0.5,0.35,1,8
154244730289512603140,6970903430010,22克桂林米粉,1,0.5,0.5,0.34,10,7
154244730400712262872,6902132007022,冷酸灵牙膏果香型00g,1,6,6,3.6,1,13
154244730400712262872,6921804700757,陶华碧老干妈风味豆豉280g,1,8,8,7.5,1,2
154244726268615794694,99999999-1,无码商品,1,13,13,0,1,0
154244730951618455747,99999999-1,无码商品,1,39,39,0,1,0
154244730945418156524,6901028191012,软白沙,1,6.5,6.5,3.81,21,8
154244730945418156524,6901028193504,芙蓉王条装,1,235,235,218.36,21,10
15424473061336952412,6901028191029,白沙包装,1,6.5,6.5,4.77,21,8
154244731032319345823,6901180915983,凤梨味果酱夹心饼93g,1,4,4,0,1,0
154244731108611494436,6923644268510,蒙牛真果粒牛奶饮品果粒50ml,2,3.5,3.5,2.8,11,3
15424473122146329709,99999999-1,无码商品,1,1.5,1.5,0,1,0
154244731200821731357,6952231819606,伊达,1,7,7,0,1,0
154244731200821731357,6928489107017,冰糖,1,6,6,0,1,0
154244730923416638678,6906151600462,牛栏山陈酿白酒500ml,1,18,18,12.08,1,2
154244730923416638678,6940159410029,百事可乐可乐型汽水,1,3,3,2.2,1,4
154244729098721888940,6901028160278,黄金叶途包装,1,15,15,12.19,21,8
154244731581111561443,99999999-1,无码商品,1,8,8,0,1,0
15424473632793913263,99999999-1,无码商品,1,70,70,0,1,0
154244731597517412683,6921718060626,辣妹子桔片爽60g,1,5,5,0,1,0
154244731531621478927,6901028046886,云烟(紫)【包装】,1,10,10,8.79,21,8
154244731230817394594,6906151600462,牛栏山陈酿白酒500ml,1,14,14,12.08,1,2
154244731662723904946,6901028227278,天子包装,1,20,20,0,1,0
15424473147596954825,6901285991271,怡宝饮用纯净水155L,1,3,3,0,11,2
15424473244607586496,6953476000194,田螺,1,1,1,0.8,1,4
154244731997924074323,6901028053105,红塔山恭贺新禧包装,1,15,15,0,1,0
154244732472822265984,6903244370998,七度空间少女系列超长夜用超薄8片388mm,1,9,9,7,8,8
154244737301721798926,99999999-1,无码商品,1,3,3,0,1,0
154244737301721798926,6931418188599,野生酸枣,1,15,15,6.5,1,4
154244737301721798926,6935686340222,老八区湘西手撕腊肉劲辣100克,1,19,19,12,1,4
154244737301721798926,6936378300098,食用槟榔湘潭20元深紫,1,20,20,16,1,4
154244737301721798926,6931273213559,食用槟榔运当头8g,1,15,15,11,10,8
154244737301721798926,6901285991219,怡宝饮用纯净水555毫升,1,2,2,1,11,2
154244737301721798926,6932720523542,大理风情巴氏杀菌热处理风味酸奶玫瑰味,1,8,8,0,1,0
154244737301721798926,6941704413526,风味发酵乳,1,7,7,0,1,0
154244737301721798926,6970475320061,文和友香辣肉酱臭豆腐125g,1,15,15,8,1,4
154244737301721798926,6970475320054,文和友,1,11,11,6,1,4
154244737301721798926,6936158287205,长沙臭豆腐香味,1,9,9,4.5,1,4
154244732556220218692,6920584452245,旺旺挑豆随手包豆,1,3,3,2.2,10,4
154244732556220218692,6924743915084,乐事意大利红烩味40g,1,3.5,3.5,0,10,8
154244728851822636598,6970664070012,糯米粉,1,5,5,0,1,4
154244728851822636598,6932276307481,玉米软糖,1,3.5,3.5,0,1,4
15424473344467346955,6901028192729,白沙精品三代,1,16,16,13,1,8
154244733475218451712,4893888001575,李锦记金标生抽500ml,1,8,8,7,20,2
15424473390375772093,6924187821644,260g洽洽香瓜子,1,8.5,8.5,6.5,1,8
154244733421515058491,6901028191043,白沙品包装,1,9,9,7.63,1,8
154244733290910999041,6902265114321,海天特级生抽王500ml,1,9,9,7.5,1,2
154244733290910999041,6916432201165,长康红烧酱油,1,5,5,4,1,4
15424473343976433481,6901028191043,精白沙,2,9,9,7.63,1,3
154244734304918454305,6921804700795,老干妈风味鸡油辣椒280g,1,9,9,8,20,2
154244734016714161848,99999999-1,无码商品,1,7,7,0,1,0
154244735742615363079,6901028193498,芙蓉王包装,1,25,25,21.83,1,8
15424473474389555658,6925814870097,九总二十元,1,16,16,14.5,1,4
154244734029224419961,19241876,恰恰瓜子200g,1,6,6,0,1,0
154244734029224419961,6924187820067,洽洽香瓜子160g,2,6,6,3.5,10,8
154244735015018348455,6901028000826,双喜经典包装,1,10,10,8.58,1,8
154244735086018452750,99999999-1,无码商品,1,80,80,0,1,0
154244735071213946351,6901028314978,红塔山经典包装,1,7.5,7.5,6.67,1,8
15424473498708671115,6901028191012,软白沙,1,6.5,6.5,6,1,4
15424473511077997096,99999999-1,无码商品,1,25,25,0,1,0
154244740472217557564,6903622798888,52度邵阳大曲,1,13,13,0,1,0
15424473523289179237,6901028063692,白沙红运当头包装,1,20,20,14.31,1,8
15424473656402773195,6921294357431,康师傅乳奶茶茶饮品,1,3,3,0,1,4
154244739471220036397,6938514100456,40度江小白高粱酒JOYYOUTH300毫升,1,45,45,0,11,2
154244739471220036397,6901028182652,黄鹤楼大彩包装,1,28,28,0,21,8
154244735497521734478,6920761202106,加加鸡精40g,1,2,2,0,1,0
15424473586806328488,6917878131504,雀巢糖,2,1.5,1.5,0,1,12
15424473599415135835,99999999-1,无码商品,1,1,1,0,1,0
15424473580626185905,6934290901676,姜王传奇感味姜,1,5,5,3.2,1,8
15424473580626185905,6920708400077,陈盛园正宗话梅动心一族,1,7.5,7.5,5.7,1,8
154244736080319411184,6920907813388,好丽友里个浪40g,1,4,4,0,10,8
154244736080319411184,6923450662953,绿箭薄荷糖草莓薄荷味23g,1,9,9,0,10,6
154244736355318458838,6903244370899,七度空间护垫女生18片,1,5,5,4,8,8
154244736695118456580,6903244370431,七度空间卫生巾,1,8,8,7,8,8
154244736755111008230,99999999-1,无码商品,1,2,2,0,1,0
154244736755111008230,6907992514147,pt安慕希芒果百香果,1,9,9,7.2,1,2
154244736755111008230,6925303730574,阿萨姆奶茶,1,4,4,3.2,1,2
154244736933324079627,8888075005517,555锐包装,1,16,16,0,1,0
154244737162022982158,6901028192729,白沙精品三代包装,1,16,16,12.93,21,8
15424473843664429929,6901028005029,五叶神硬金,1,12,12,10.28,1,0
154244737799720743986,6901028221443,贵烟越包装,2,25,25,20.14,21,8
154244737799720743986,6938888888615,香飘飘红豆奶茶64g,1,6,6,5,11,15
154244738041611494212,6956064000590,500克加碘精制盐,2,1.5,1.5,1,1,8
154244740430310427947,6907992512761,安慕希希腊酸奶05g2,1,56,56,50,1,1
154244741317021661775,6936595200836,0684春亚纺接边,1,35.5,35.5,0,1,0
154244741317021661775,6959546100849,罗马假日五折伞,1,60,60,0,1,0
154244738009316159103,6901028104692,龙烟祥条装,1,150,150,0,21,10
154244743698416801388,6970103150091,拳王,2,3.5,3.5,0,10,7
154244743698416801388,6925828500010,扭妞辣脆萝卜100g,1,3,3,0,20,8
154244738459617538651,6921644302678,富锦风草饼,1,6,6,4,1,8
154244738459617538651,6914973602908,脆香米牛奶巧克力,1,4,4,2.5,1,4
154244738173822734503,6901160920150,32度海王酒8版50ml,1,25,25,0,1,4
154244738779415255473,6926832401928,英式麦丽素,1,3.5,3.5,2.8,1,4
15424473926148496641,6901028191012,软白沙,1,6,6,3.82,1,8
154244739383721415772,6901028084314,娇子阳光包装,1,10,10,8.8,21,8
154244739433915495412,6901028155571,哈德门典包装,2,5,5,4.45,21,8
154244739186710722326,6901028193498,芙蓉王包装,1,25,25,21.83,1,8
154244738808423192301,6901028191012,白沙(软)【包装】,1,4.5,4.5,3.81,21,4
154244739315411187270,6921168520015,HA夫山泉天然水1L,1,3,3,0,1,2
154244739315411187270,6902083904685,娃哈哈营养快线水果酸奶饮品枣枸杞味500ml,1,5,5,0,1,2
154244739315411187270,6951067100391,红豆黄金面包,2,2.5,2.5,0,1,4
154244739315411187270,6936768005336,嘉利是白玉咸干花生205g,1,6,6,0,1,8
154244739315411187270,6925302112746,80g香哆哆牛肉味豌豆独立小包,1,3,3,0,1,4
154244739315411187270,6959203900225,乡巴佬鸡蛋,2,1.5,1.5,0,1,0
154244739315411187270,6930763711780,迷你山楂,1,5,5,0,1,4
154244704687422746134,6901028193498,芙蓉王包装,1,25,25,21.83,21,8
154244648488822744431,99999999-1,无码商品,1,14,14,0,1,0
154244584743022748644,6901028137508,七匹狼包装,1,15,15,13.25,21,8
154244550951022746096,6901028191043,白沙品包装,1,10,10,7.63,21,8
154244501008322749128,6932989700050,鑫福多调料品桂皮,1,3.5,3.5,0,20,4
154244501008322749128,6932989700029,40g小红干椒,1,3,3,0,20,4
154244420660522748081,6901028191012,白沙包装,1,6.5,6.5,3.81,21,8
154244233973822741322,6901028191012,白沙包装,1,6.5,6.5,3.81,21,8
154244166087122744598,6931273213559,和成天下,1,14,14,0,1,0
154244038726822742381,6901028191166,白沙精品条装,1,90,90,76.32,21,10
154243795596422741205,6932989700067,鑫福多孜然35g,1,4.5,4.5,0,20,4
154243478018022741292,6925303710521,统一100油爆椒袋面,3,2.5,2.5,0,10,4
154243471037922748357,6933125698873,湘潭铺子15元装,1,14,14,0,1,0
154243459109322742554,6989631475729,短袖套,1,6,6,0,1,0
154243427293322745180,6936664810089,雪滋棒吸管糖,1,4,4,0,10,4
154243427293322745180,6936664890043,趣乐园口红糖,1,3,3,0,10,4
154243427293322745180,6920907808360,好丽友多鱼蜜牛奶味33g,1,4,4,0,1,0
154243310540322746212,6939650400059,翻天娃薯条148g,1,3,3,0,10,8
154243310540322746212,6902890234180,双汇台式烤香肠原味48g,1,2.5,2.5,1.8,10,10
154243255561122741088,6956064000590,500克加碘精制盐,4,1.5,1.5,0,1,0
154243190927722744249,6957670250003,小贴士香辣海带33g,1,1,1,0,1,0
154243167497122749601,6901028193498,芙蓉王包装,1,25,25,21.83,21,8
154243136804122745660,6901028191166,白沙品条装,1,90,90,76.32,21,10
154243088446922748230,6901028191043,白沙品包装,1,10,10,7.63,21,8
154243062832022745538,6901028193498,芙蓉王包装,1,25,25,21.83,21,8
154242937856722744376,99999999-1,无码商品,1,15,15,0,1,0
154242853497722742258,6921311105038,康师傅包装饮用水,1,1,1,0.58,11,4
154242853497722742258,6936003514869,旺仔牛奶糖红豆牛乳味42g,1,3,3,0,10,8
154242853497722742258,6924743915060,乐事美国经典原味40g,1,3.5,3.5,0,10,8
154242818560922742503,6901028058131,好猫支长乐7S硬盒装,1,16,16,13.99,21,8
154242795140922745773,99999999-1,无码商品,1,6,6,0,1,0
154242795140922745773,6931273213559,和成天下,1,14,14,0,1,0
154242630372722742353,6933125698873,湘潭铺子15元装,1,14,14,0,1,0
154242499615222742348,6901028193498,芙蓉王包装,1,25,25,21.83,21,8
154242458339122748028,6922731898104,ABC超级薄棉柔丝薄K14夜用卫生巾8片,1,9.5,9.5,0,8,8
154242458339122748028,99999999-1,无码商品,1,9,9,0,1,0
154242379041722748936,80177609,健达缤纷乐T40g,1,7.5,7.5,6,10,3
154242092946322744761,99999999-1,无码商品,1,3,3,0,1,0
154242092946322744761,99999999-2,无码商品,1,25,25,0,1,0
154241947800722746463,6970914680237,上口爽,1,15,15,0,1,0
154241842588622746786,99999999-1,无码商品,1,5.5,5.5,0,1,0
154241830458622745062,99999999-1,无码商品,1,1,1,0,1,0
154241830458622745062,6930839668888,山椒萝卜脆,1,1,1,0,1,0
154241830458622745062,6924743915084,乐事意大利红烩味40g,1,3.5,3.5,0,10,8
154241830458622745062,6920907800913,好丽友巧克力派2枚68g,1,4,4,0,10,3
154241715682722743379,6901028191043,白沙品包装,2,10,10,7.63,21,8
154241711658822747225,6901028063364,白沙新精品二代包装,1,10,10,8.8,21,8
154241535548622749262,6922507800713,如意挂面,1,9,9,0,10,4
154241535548622749262,6921804700757,陶华碧老干妈风味豆豉280g,1,8,8,0,20,2
154241527264922745756,6927334800264,来蜜正白糖,1,4.5,4.5,0,10,4
154241527264922745756,6901028191043,白沙品包装,1,10,10,7.63,21,8
154241479336422748358,6901028311151,云烟紫包装,1,10,10,9.01,21,8
154241470478522743965,6901028192729,白沙精品三代包装,1,16,16,12.93,21,8
154241435028422743444,6908570201084,龙牌酱油,1,7,7,0,20,4
154241314059222741283,6947093180056,银城湘味QQ鱼15g,1,1,1,0,10,8
154241221060022749889,6901028191012,白沙包装,1,6.5,6.5,3.81,21,8
154241217659622741316,6925303773106,来一桶老坛酸菜牛肉面120g,1,4,4,4.08,10,14
154241217659622741316,6933125698873,湘潭铺子15元装,1,14,14,0,1,0
154241204376022749595,6901028001489,双喜包装,1,7.5,7.5,0,21,8
154241200532222747274,6901028311151,云烟紫包装,1,10,10,9.01,21,8
154241195030622746543,99999999-1,无码商品,1,3,3,0,1,0
154241195030622746543,6921482336217,旺旺油脂型夹心饼干奶味0g,1,5,5,4.5,10,3
154241195030622746543,6901028063364,白沙新精品二代包装,1,10,10,8.8,21,8
154241195030622746543,6931502003067,口留乡,1,2,2,0,1,4
15424474004109066258,6901347884459,椰树牌椰汁15L,1,18,18,13,1,4
15424474004109066258,6921940260276,豆奶,1,3,3,1.7,1,4
15424474004109066258,6932452818725,妙恋100乳酸菌饮品莓味,1,5,5,0,1,4
15424474398036081074,6925909980151,张新发20元,1,20,20,15.58,1,4
154244739519320787609,6901028193498,金装芙蓉王,2,25,25,21.84,21,8
154244740071920876390,6924160712723,无穷盐鸡腿70g,1,10,10,8.8,10,8
154244740071920876390,6924160714093,无穷烤鸡小腿蜂蜜味60g,1,10,10,6.5,10,8
154244740071920876390,6902083890414,娃哈哈营养快线,1,10,10,9.5,11,2
154244740071920876390,6906151623959,牛栏山陈酿白酒52度500ml,1,20,20,20,11,2
154244740071920876390,6901180906080,嘉士利早餐饼枣67g,1,3.5,3.5,0,10,8
154244740071920876390,6921089500011,大和味北京烤鸭味,1,3,3,0,1,4
154244740071920876390,6939650400059,翻天娃薯条148g,1,3.5,3.5,0,10,8
154244740071920876390,6924593221977,精品香干,1,3,3,0,1,4
154244740071920876390,6901180905984,嘉士利早餐饼牛奶味167g,1,3.5,3.5,0,10,8
154244740071920876390,6901180915785,嘉士利草莓味夹心饼干93g,1,3.5,3.5,0,10,8
154244739866622198134,6954767432076,雪碧清爽柠檬味汽水,1,3,3,2.16,11,2
154244739866622198134,6909409040799,上好佳洋葱圈0g,1,4,4,3,10,7
154244739866622198134,6924743919242,乐事墨西哥鸡汁番茄味70g,1,6,6,4.8,10,8
154244740088517538289,6901028024969,硬X白娇子,2,10,10,0,1,8
154244739951322749430,99999999-1,无码商品,1,2,2,0,1,0
154244739951322749430,6931273213559,和成天下,1,14,14,0,1,0
15424474063288678190,6901028193498,黄芙蓉王,2,25,25,10,21,4
154244739460722735533,6940920500126,王子山渣片,1,5,5,0,1,4
154244741032617776745,6935145301023,RIO锐澳微醺3度香橙伏特加味鸡尾酒275ml,1,12,12,9.79,11,2
15424474119339495179,6926756590364,管氏娃娃菜400克,1,6,6,1,1,4
15424474119339495179,6922753760458,华康茶油腐乳210G,1,6,6,1,1,4
154244741134523256935,6924160714949,30g香卤鸡蛋,1,2,2,0,1,4
15424474121925886790,6907878050110,可口可乐原味,1,3,3,0,1,2
15424474121925886790,4897061530760,维也纳芝士鱼肉肠,2,22,22,17.5,1,8
15424474121925886790,4891028703907,香港维他低糖菊花茶,6,3,3,47,1,13
15424474121925886790,6901028046886,云烟紫云硬盒（盒）,1,10,10,0,1,8
15424474121925886790,6901028000826,红双喜软经典,1,10,10,8.6,1,8
15424474121925886790,6920202888883,红牛维生素功能饮料250ml,1,5.5,5.5,0,1,6
15424474121925886790,0001,快递代收,11,1,1,0.01,1,4
15424474144698865204,99999999-1,无码商品,1,5,5,0,1,0
154244741581714318759,6958214656787,15元叼嘴巴食用槟榔,1,15,15,12,1,8
154244741807822289989,4891338000918,黑人双重薄荷牙膏225g,1,12,12,10.5,8,13
154244741807822289989,6922266451683,清风软抽面纸,1,12,12,0,1,0
154244741803115497437,6922507807644,香菇风味挂面,1,9,9,8,1,8
15424474159918391318,6925303730574,统一阿萨姆原味奶茶500ml,1,4,4,0,1,2
154244742854311107554,6922731800695,ABC柔棉表层护翼日用卫生巾 *,2,9,9,0,1,8
154244741938020059159,6922858211091,百事可乐清宁清爽600ml,1,3,3,2.5,11,2
154244737907619053460,99999999-1,无码商品,1,5,5,0,1,0
154244737907619053460,6956064018113,320克海藻碘低钠盐,1,3,3,2,20,8
154244737907619053460,6931299062605,鲁花料酒500ml,1,8,8,6.5,20,2
15424474258437736227,6901028191043,白沙精品,2,9.5,9.5,7.63,1,8
15424474258437736227,6925814851362,小龙王九总槟榔28g,1,13,13,10.76,1,8
15424474084018912442,6901028193498,芙蓉王包装,1,25,25,21.83,1,8
154244742682016837138,6901028191043,白沙品包装,1,9,9,7.63,1,8
154244738273324491983,6901028193498,芙蓉王包装,1,25,25,0,1,0
15424474074546187321,6911316650015,小悦球,1,5,5,3.7,1,8
154244742936321122401,6902890241089,双汇蒸煮淀粉肉肠,2,1,1,0,10,4
154244742937420706135,6939650400059,翻天娃薯条148g,1,3,3,2.05,10,8
154244742756324382417,6901028071765,中南海8mg包装,1,8,8,0,1,0
15424474277196958093,99999999-1,无码商品,1,3,3,0,1,0
15424474277196958093,6921480218287,味极酱油380ml,1,7,7,0,1,0
15424474308726182775,6925909980151,20元张新发,1,20,20,16,1,8
15424474333899494132,6946578700482,原味肉松蛋卷,1,18,18,13.8,1,3
154244743782115817346,6935284412130,卫龙亲嘴面制品8g,1,4.5,4.5,2.7,10,8
154244743782115817346,6930487901658,玉峰双胞胎面筋,1,3,3,2,10,8
154244743782115817346,6934502301850,500ml东鹏特饮维生素功能饮料,1,5,5,4,1,4
154244743876915705081,6938514100715,40度江小白高粱酒S100,1,15,15,12,1,2
15424474008152008098,6901028111263,南京(炫赫门),1,18,18,15.5,1,3
15424473826147333906,99999999-1,无码商品,1,26,26,0,1,0
15424473826147333906,99999999-2,无码商品,1,4,4,0,1,0
154244744297017394749,6901028157643,泰山将军包装,1,7,7,6.15,21,8
154244743379618963136,5410228141785,比利时福佳啤酒330ml4,6,9,9,0,1,0
15424474444246326182,6901035603515,老青岛啤酒经典8度600毫升,1,5,5,0,1,4
15424474439508352492,6901028191098,白沙品二代包装,1,11,11,9.32,1,8
154244743814517619543,6903148251478,汰渍三重功效洗衣皂202GX2巨划算装,1,9,9,0,1,4
154244743887612529360,6921804700757,陶华碧老干妈风味豆豉280g,1,8,8,7,1,2
154244743887612529360,6901028191012,白沙包装,1,6.5,6.5,3.81,21,8
15424474488366298522,6901028191166,白沙精品条装,1,94,94,76.32,1,10
15424474488366298522,6931754801602,好味屋浏阳炒米100g,1,3.5,3.5,2.7,1,8
15424474488366298522,6931754801909,好味屋小川豆150g,1,3.5,3.5,2.7,1,8
15424474488366298522,6931754802241,好味屋盐津姜丝140g,1,5,5,3.7,1,8
15424474488366298522,6932333300127,沙爹牛肉干130克,1,18,18,14.55,1,8
15424474488366298522,6928236505066,蓬莱阁云南散沱茶250g,1,18,18,12.6,1,8
15424474488366298522,6924746200187,南北特鹌鹑蛋80g,1,3.5,3.5,2.2,1,3172
15424474488366298522,6901028001618,1906双喜硬盒,1,17,17,15.05,1,8
15424474488366298522,6901180901689,嘉士利200g家乡大红枣甜香脆饼干,1,4.5,4.5,3.35,1,8
15424474508207968805,6922266450372,清风金装原木纯品3层面巾纸130抽包,1,28,28,20.17,1,21
15424474508207968805,6931754800469,常佳118g乡里盐姜,7,4,4,2.73,1,8
154244745342118959829,99999999-1,无码商品,1,1,1,0,1,0
15424474535355845742,6910772051237,花心王子长筒90G,1,3,3,2.1,1,4
15424474757125784156,6906664822528,燕塘原酸奶250ml,1,3.5,3.5,0,1,3
154244746158221126114,6901668006103,奥利奥原味夹心饼干19g,2,1,1,0,10,4
154244746158221126114,6921803400283,英雄迷你肠,2,1,1,0,10,8
154244746251612286410,6954432710225,炫迈炫动薄荷味无糖口香糖50g,1,10,10,8.7,1,3
154244746251612286410,6901028193498,芙蓉王包装,1,25,25,21.84,1,8
154244745982424343921,6902083881085,娃哈哈大AD钙奶20ml,1,2.5,2.5,0,1,0
15424474645339609146,6901028191043,白沙品包装,1,10,10,9.1,21,8
15424474672626972978,6921294398342,康师傅劲凉冰红茶550ml,2,3,3,0,1,2
15424474672626972978,6901028046886,云烟(紫),1,10,10,0,1,8
15424474711856327188,6907992103211,伊利畅轻燕麦+黄桃250g,2,7,7,0,1,4
154244747973623479148,6923644278595,蒙牛纯甄巴氏杀菌热处理风味酸牛奶200ml2盒,1,59.047619047619044,60,0,1,0
154244747973623479148,6902083881108,娃哈哈非常柠檬味碳酸饮料,1,2.952380952380952,3,0,1,0
154244747205115055918,6938888889810,香飘飘金橘柠檬,1,5,5,0,1,0
15424474610029129076,6925909980151,张新发槟榔35g,1,18,18,16,1,4
15424474769659498540,6956064018038,雪天盐,2,2.5,2.5,0,1,5835
154244747354623743623,6901028165921,黄金叶目标条装,1,135,135,128,21,10
15424474786525222441,6959657003718,果园大叔果汁饮料,1,4,4,0,1,4
15424474786525222441,6902150222315,397g粤花午餐肉,1,13,13,10.08,1,0
15424474856496322319,99999999-1,无码商品,1,9.5,9.5,0,1,0
154244748328524341551,6902083881085,娃哈哈大AD钙奶20ml,1,4.5,2.5,0,1,0
15424474870116318771,6924743915770,乐事无限嗞嗞烤肉味薯片104g,1,8,8,6.5,1,2973
154244748374522265066,6901028063814,芙蓉王75mm包装,1,26,26,22.5,21,8
154244748799522637642,6901894113620,白猫新浓缩洗衣粉丹麦进口生物酵素50g,1,5,5,3.5,8,8
15424474880086181639,6920907808551,呀土豆里脊牛排味,1,4,4,2.7,1,0
15424474906757585735,6953476000194,田螺,1,1,1,0.8,1,4
154244749205221745716,6901028001489,软双喜,4,7.5,7.5,0,21,8
154244754522316809652,6945817828888,曾老三清凉薄荷糖100g,1,2.5,2.5,0,1,0
154244754522316809652,6970103150091,拳王,1,3.5,3.5,0,10,7
154244743277618145264,6901028075763,中华包装,1,45,45,38.16,1,8
154244749604220113834,6924363245127,45ol仙潭特曲酒,2,5.5,5.5,0,1,2
15424474959457963860,002,烤花生,0,22,22,17,1,0
154244749043823092275,6920907808117,好丽友好多鱼香茄汁味烤型马林薯膨化食品33g,1,4.5,4.5,0,1,0
154244749043823092275,6923450661499,彩虹糖果莓味30克,1,5,5,0,1,0
15424475005066261945,6903622798963,邵阳老酒128ml,1,6,6,0,1,2
15424475005066261945,6901382083756,清纯小酒45度100ml浓香型白酒支持,1,18,18,0,1,4
15424475005066261945,6924456900087,太平桥豆豉,1,3.5,3.5,0,1,4
154244750170513689685,6918678423035,李锦记410ml蒸鱼豉油,1,12,12,8.5,1,2
154244750098022026479,6901028193498,芙蓉王包装,1,25,25,0,21,8
154244750151418153204,6958214616880,叼嘴巴食用槟榔20g,1,10,10,8,1,7
154244750151418153204,6970362690000,糯米锅巴,1,4,4,1.8,1,4
154244750981213091107,6909409012024,上好佳鲜虾片0g,1,4,4,0,1,7
154244750981213091107,6948930800106,周氏香油杀,1,2.5,2.5,1.5,1,8
15424475046219062636,6920202888883,红牛维生素功能饮料,1,6,6,5,1,6
15424475046219062636,6906151638076,牛栏山白酒,1,28,28,18,1,4
15424475046219062636,6921718066574,辣妹子果粒C香橙味500ml,1,4,4,3,1,2
15424475046219062636,6901028191043,白沙品包装,1,9.5,9.5,7.63,1,8
154244750521721123973,99999999-1,无码商品,1,18,18,0,1,0
15424475051867993844,99999999-1,无码商品,1,3,3,0,1,0
154244750560614075921,6906151600462,牛栏山陈酿白酒500ml,1,18,18,12.08,1,2
154244750560614075921,6901028191043,白沙精品包装,1,9,9,7.63,1,8
154244751866915361864,6934665087653,优益C活菌型乳酸菌饮品原味340ml,1,6,6,4.5,1,2
154244751866915361864,6901347884343,椰树椰汁1L,1,13,13,10.42,1,2
154244751866915361864,6935953361486,小肥羊清汤火锅汤料160g,1,10,10,6.87,20,8
154244750730422474823,6901028118170,利群版包装,1,14,14,12.21,21,3
154244750938510969865,6926892524001,银鹭花生牛奶450ml,2,4,4,3.5,1,2
154244750196822735748,6956064000439,320克海藻碘盐,1,2.5,2.5,0,20,4
154244750196822735748,19113166,阿尔卑斯棒棒糖,1,1,1,0,10,4
154244754213121666571,6953513295378,霸气辣棒,1,3.5,3.5,0,1,0
154244747931717611160,6911316540309,阿尔卑斯棒棒糖,2,0.5,0.5,0,1,0
154244747931717611160,6924187829428,洽洽凉茶瓜子150g,1,6,6,4.6,1,8
15424475182036441248,1,一元商品,27,1,1,0,1,4
15424474944143186860,6901028000826,双喜（软经典）,1,10,10,8.586,1,3
154244751042114384390,6901028046886,云烟包装,1,10,10,8.79,1,8
15424475144199119511,6901028191043,白沙品包装,1,9.5,9.5,7.7,1,8
154244751655418947158,6956367338680,王老吉凉茶植物饮料310毫升,1,3.5,3.5,0,11,6
154244751655418947158,6954767437583,雪碧碧柠檬味汽水LEEK330mLAN装饮料,1,3,3,0,11,6
154244751655418947158,6901285991219,怡宝饮用纯净水555毫升,3,2,2,0,11,2
154244751655720748172,6907992513829,安慕希希腊风味酸奶桃燕麦味200g0,1,70,70,0,1,0
15424475186156976266,8801116005574,爱喜变,1,14,14,0,1,8
15424475216679112264,6901028191043,白沙品包装,1,9.5,9.5,7.7,1,8
15424474813633299991,99999999-1,无码商品,1,7000,7000,0,1,0
154244752115421954024,6901028045902,云烟珍品包装,1,23,23,0,1,0
154244752906014412951,6901028193498,芙蓉王包装,1,24,24,21.83,1,8
154244752249424341117,6902890230014,双汇鸡肉肠30g,1,1.5,1.5,0,10,7
154244752249424341117,6901028117579,利群蓝包装,1,18,18,0,1,0
15424475226988401548,6901028191043,白沙品包装,1,10,10,7.63,1,8
15424475264569498956,6932037701299,光明look大,4,9,9,7,1,4
24815424475251063,6934660555119,苏菲口袋魔法零味感棉日用卫生巾#,1,12,12,8,1,8
15424475280846188000,6901028193498,芙蓉王包,2,25,25,21.84,1,0
154244752690410774505,6901028193498,芙蓉王包装,1,25,25,21.83,1,8
154244753893518772476,6901028193498,芙蓉王包装,1,25,25,21.83,1,8
154244752823923035017,6922507806999,长寿挂面,1,7.5,7.5,6.67,10,4
154244752823923035017,6918678423035,李锦记蒸鱼豉油410ml,1,10.5,10.5,9.17,20,2
154244752823923035017,6920174736038,立白清新茉莉新椰油精华增白皂226克X2,1,9.5,9.5,0,1,4
154244753032823654816,6925303730574,统一阿萨姆原味奶茶500ml,1,4,4,3,11,2
154244753032823654816,6921311196364,康师傅冰红茶檬口味茶饮品1L,1,4,4,3,11,2
154244753183417535171,6919208585643,方糕,1,3,3,1.8,1,4
154244753183417535171,6951957205755,1元商品,3,1,1,0.68,10,8
15424475305297043454,6933318804074,塑兴407扫把,1,12,12,6.7,1,25
15424475349138404784,6901028193498,芙蓉王包装,1,25,25,21.83,1,8
154244754753218778756,6901028196925,白沙天下包装,1,90,90,84.8,21,8
154244759190817559985,99999999-1,无码商品,1,235,235,0,1,0
154244755148913098196,6901028193498,芙蓉王包装,1,24,24,21.83,1,8
15424475411806406625,99999999-1,无码商品,1,3,3,0,1,0
154244754520017774558,6906151900982,牛栏山二窝头56度500ml,1,10,10,8,11,2
154244754520017774558,6920470111140,远望香南乳花生150g,1,5,5,3.8,10,8
154244754520017774558,6901028314978,红塔山经典包装,1,7.5,7.5,6.67,1,8
15424475448186929296,6923644268480,蒙牛真果粒椰果粒牛奶250ml,1,4,4,2.7,1,4
15424475448186929296,6923644268503,蒙牛真果粒牛奶饮品(草莓果粒)250ml,1,4,4,2.7,1,4
15424475448186929296,6901028062343,南京(十二钗薄荷)【包装】,1,22,22,18.86,1,4
15424475448186929296,6927462217040,金锣珍品鸡肉肠,1,3,3,1.6,1,4
15424475448186929296,6901028942898,双喜(硬精品好日子),1,12,12,9.32,1,4
15424475448186929296,6901285991271,怡宝饮用纯净水1.555L,1,3.5,3.5,2.3,1,2
15424475448186929296,6911988025319,豆本豆原味360ml,1,5.5,5.5,3.25,1,4
15424475448186929296,6901028187336,黄鹤楼8度,1,18,18,15.8,1,4
15424475675975782789,99999999-1,无码商品,1,1.5,1.5,0,1,0
154244755312718096846,6901028317122,玉溪包装,1,23,23,20.14,21,8
154243411607510808890,99999999-1,无码商品,1,21,21,0,1,0
154244754859221228764,6921294393798,康师傅茉莉蜜茶550ml,2,3,3,2,11,2
15424475491179492597,99999999-1,无码商品,1,24,24,0,1,0
15424475491179492597,6938721057161,香木筷,1,10,10,1,1,4
15424475491179492597,6949175409147,一次性碗0914,1,7,7,1,1,4
15424475491179492597,6951956400045,150克火锅底料,1,3.5,3.5,1,1,4
15424475491179492597,6921929900025,郫筒郫县豆瓣500G,1,5,5,1,1,4
15424475491179492597,6926518120013,230g河口金星小米辣,1,10,10,7.5,1,2
154244755465618953893,99999999-1,无码商品,1,1,1,0,1,0
15424475549846364800,99999999-1,无码商品,1,6,6,0,1,0
15424475549846364800,99999999-2,无码商品,1,5,5,0,1,0
15424475549846364800,99999999-3,无码商品,1,7,7,0,1,0
15424475549846364800,99999999-4,无码商品,1,9,9,0,1,0
15424475549846364800,99999999-5,无码商品,4,4.5,4.5,0,1,0
15424476230423337214,6901028163613,黄金叶烟,1,14,14,0,1,4
15424475569317994468,99999999-1,无码商品,1,18,18,0,1,0
154244755666022265295,6901028193498,芙蓉王包装,1,25,25,22,21,8
154244756903718771626,6958214656787,15元叼嘴巴食用槟榔,4,15,15,0,1,8
154244756257823399816,6901028118170,利群版包装,1,15,15,12.29,21,8
154244755852622893203,99999999-1,无码商品,1,60,60,0,1,0
154244755523820947310,6903244370998,七度空间少女系列超长夜用超薄8片388mm,1,10,10,7.5,8,8
154244755523820947310,6901028196925,白沙天下包装,1,100,100,84.8,21,8
154244755523820947310,6901028160278,黄金叶途包装,1,15,15,12.19,21,8
154244755523820947310,6901028193856,芙蓉王包装,1,35,35,30.74,21,8
154244755523820947310,6923450605318,绿箭无糖薄荷糖茉莉花茶味23g,1,9,9,7.6,10,6
154244755523820947310,6923450657607,益达无糖口香糖清爽西瓜味12片,1,6,6,3.5,10,3
154244755523820947310,69019388,绿箭15g,1,2,2,0,10,10
154244755523820947310,6901683804463,贵宾郎酒100ml,1,18,18,0,11,2
154244755523820947310,6935145343047,葡萄白兰地味鸡尾酒330ml,1,7,7,0,11,2
154244755523820947310,6901028191012,白沙包装,1,6.5,6.5,3.81,21,8
154244756052216175519,99999999-1,无码商品,1,15,15,0,1,0
154244756364319002706,6931273210718,青果槟榔,1,28,28,24.5,1,4
154244756364319002706,6901028193498,芙蓉王包装,1,25,25,21.83,1,8
154244756027715113830,99999999-1,无码商品,1,30,30,0,1,0
154244754580417476949,6901028191043,白沙品包装,2,10,10,7.63,1,8
154244756638810801261,80974482,健达奇趣蛋男生版20g,1,8,8,6,10,4
15424475693389428149,6909131169201,中国劲酒25ml,1,11,11,0,1,2
15424475720239428042,6909131169201,中国劲酒25ml,1,11,11,0,1,2
154244757170519748522,6938154900164,精致八角,1,4,4,0,1,0
154244757170519748522,6940159410029,百事可乐可乐型汽水,1,3,3,2.2,10,4
154244757170519748522,6956064000675,320克绿色精制低钠盐,2,2.5,2.5,2,10,4
154244758182718774393,6925909980151,张新发槟榔5g,2,20,20,15.58,1,8
154244757116024478154,99999999-1,无码商品,1,20.5,20.5,0,1,0
15424475773739429335,6909131169201,中国劲酒25ml,1,11,11,0,1,2
154244757748622508344,6958214616880,叼嘴巴食用槟榔20g,1,10,10,8,10,7
154244757850917328227,6934665087653,优益C活菌型乳酸菌饮品原味340ml,1,6,6,0,11,2
154244757850917328227,6921168550128,维他命水柠檬味500ml,1,5,5,0,11,2
154244757719510806128,99999999-1,无码商品,1,15,15,0,1,0
15424475801416213042,6902265360100,海天上等蚝油60G,1,4.5,4.5,3.12,1,2
15424475801416213042,6923567880103,咪咪虾条,1,0.5,0.5,0.35,1,8
15424475801416213042,6901028193498,黄硬芙蓉王,1,25,25,21.84,1,8
154244758028712289881,6924254686299,欢乐家生榨椰子汁5L,1,15,15,12,1,2
154244757958616416384,6901028191012,白沙包装,1,6.5,6.5,6.2,21,8
154244758159012604913,6901028071765,中南海8mg包装,1,7,7,5.72,1,8
154244758169912685736,6901404300854,上海硫磺皂85g,1,2,2,0,1,0
15424475817086187703,6901028193498,芙蓉王包,1,25,25,21.84,1,0
154244763648816805225,8934893010049,金龙故乡绿豆饼,1,3.5,3.5,0,1,0
154244758077624388409,6901028111263,南京赫门包装,1,18,18,0,1,0
154244758342218836738,6901028136372,金圣山包装,2,6.5,6.5,5.72,21,8
154244758342218836738,6901028191043,白沙精品包装,1,9.5,9.5,7.63,21,8
154244758859510094379,6901028193498,芙蓉王包装（黄王）,1,25,25,21.83,1,8
154244758301723095716,99999999-1,无码商品,1,26,26,0,1,0
154244758301723095716,6906151600462,牛栏山陈酿白酒500ml,1,15,15,12.08,11,2
154244758618218341459,6901028191043,白沙品包装,1,9.5,9.5,7.63,1,8
154244757645422739236,6958214681888,金边跑胡子,1,10,10,0,1,4
154244758618212305543,6901028339940,云烟支云龙包装,2,15,15,12.93,1,8
154244758618212305543,6901028191043,白沙精品包装,1,10,10,7.63,21,8
154244758522118632326,6921480218287,味极酱油380ml,1,7,7,0,1,0
154244758522118632326,6901028193863,芙蓉王条装,1,350,350,307.4,21,10
154244757936324073901,6909131169201,中国劲酒25ml,1,12,12,0,1,0
154244758105722733607,6901028063371,白沙新精品二代条装,1,100,100,88,21,10
154244758408722731601,6901028063371,白沙新精品二代条装,1,100,100,88,21,10
15424475928438602348,6925696400993,呼辣呼辣辣够劲香辣味92g,1,3,3,0,1,0
15424475928438602348,6970103150091,拳王,1,3.5,3.5,0,1,8
15424475928438602348,6936599800100,林妹妹麻辣片包,1,3.5,3.5,0,1,8
15424475928438602348,6936869215092,味芝元洞庭野生鱼排26g,2,1.5,1.5,0,1,8
154244759092411894561,6925303714086,来一桶红烧牛肉面05g,4,4,4,3,1,14
15424475917666183197,6901028192095,天天向上,1,15,15,12.93,1,8
154244759051022736237,6922339136790,金砖肉松,1,3,3,0,10,4
154244759633517328392,6923644268923,蒙牛真果粒牛奶饮品果果粒50ml2包,1,35,35,35,1,1
154244759633517328392,6909131169201,中国劲酒25ml,1,10,10,0,11,2
154244759726918153565,6922255451427,百岁山天然矿泉水570ml,1,3,3,1.75,1,2
154244759568822733305,6922339136790,金砖肉松,1,3,3,0,10,4
15424475989059422285,6901028193498,芙蓉王包装,1,25,25,21.83,1,8
154244759818423275305,6901028191135,白沙条装,1,63,63,0,1,0
154244759432018637771,6902265170501,海天鲜味生抽酱油500ml,1,6,6,0,1,0
154244756719210996482,6901028193498,芙蓉王包装,2,25,25,21.83,1,8
154244756719210996482,6906151638038,牛栏山,2,18,18,0,1,4
154244760052622738651,6922339136790,金砖肉松,1,3,3,0,10,4
154244761069421904243,6901028160278,黄金叶途包装,1,16,16,12.19,21,8
154244760239310801538,6914973303942,脆香米牛奶巧克力16g,1,30,30,0,10,14
15424476195223893606,6926265339386,上好佳（鲜虾片）10g,1,0.5,0.5,0.35,1,4
15424476195223893606,6924160714710,无穷爱辣鸡蛋16个25g,1,2.5,2.5,1.5,1,4
154244760534522736346,6970135948062,唇膏,1,5,5,0,9,4
15424476135304428512,6901028004183,软经典1906,1,16,16,14.31,1,0
15424476135304428512,6948960100221,哈尔滨啤酒,2,4.5,4.5,3.5,1,0
15424476063524219146,6907878050110,可口可乐 500ml,1,3,3,2.4,1,4
15424476063524219146,99999999-1,无码商品,1,1,1,0,1,0
15424476063524219146,6901028118170,利群（新版小包）,1,15,15,12,1,4
154244759772224499050,6901028193498,芙蓉王包装,1,25,25,0,1,0
154244760843816171341,99999999-1,无码商品,1,6,6,0,1,0
154244760038511493684,6901524138405,强化葡萄糖酸锌乳酸菌饮料活菌型,1,28,28,24,1,21
154244760038511493684,31,金健桃花香,1,64,64,60,1,7
15424476091336328402,99999999-1,无码商品,1,3,3,0,1,0
15424476103719428217,6909131169201,中国劲酒25ml,1,11,11,0,1,2
15424476088509492133,6901028137508,红七匹狼,2,15,15,0,21,8
154244760983222738093,6901028063371,白沙新精品二代条装,1,100,100,88,21,10
154244761011410798078,99999999-1,无码商品,1,180,180,0,1,0
15424476232952779906,6902538005141,乐百氏脉动水蜜桃味600ml*15,1,4,4,2.9,1,2
15424476232952779906,6901028227483,佳品凤呈祥,2,6.5,6.5,5.22,1,4
15424476135106325842,6933125698873,湘潭铺子15元装,1,15,15,0,1,4
154244761635814001870,6901028191012,白沙包装,1,6.5,6.5,3.81,1,8
154244761698617321977,6901285991271,怡宝饮用纯净水155L,1,3,3,0,1,2
154244761698617321977,6954767430386,可口雪碧330ml,1,2.5,2.5,0,1,6
15424476233186444441,6926104924124,盐津铺子手撕风味豆筋-麻辣牛肉味,1,3.5,3.5,0,1,4
15424476233186444441,6938888888653,香飘飘芝士燕麦奶茶,1,5.5,5.5,0,11,15
154244761768910791898,99999999-1,无码商品,1,30,30,0,1,0
15424476086382176670,6901028191043,白沙(精品),1,10,10,7.9,1,3
154244762997123474279,9,小子花生,0,20,20,15,381,17
154244762997123474279,6923644266318,蒙牛特仑苏纯牛奶250ml2,1,60,60,0,1,0
15424476221538673965,99999999-1,无码商品,1,2,2,0,1,0
15424476221538673965,99999999-2,无码商品,1,4,4,0,1,0
154244762255210801894,99999999-1,无码商品,1,3,3,0,1,0
154244763471215368190,6901028000642,双喜经典包装,8,11,11,10.01,1,8
154244762524510793377,99999999-1,无码商品,1,15.5,15.5,0,1,0
15424476281847223657,6921168520015,农夫山泉1.5升,1,3,3,1.75,1,4
154244762269519157972,6901028191043,白沙品包装,1,9,9,7.63,21,8
154244768455916806190,6938888888615,香飘飘红豆奶茶64g,1,6,6,0,1,0
154244762800111898765,6930946900741,兰花干,1,4,4,3,1,4
154244762800111898765,6901668053787,奥利奥双心脆草莓味,1,6,6,0,1,0
154244762800111898765,6938888887519,香飘飘芒果布丁奶茶,1,6,6,0,1,0
15424476980383334312,6901028165235,黄金叶（爱尚）,1,16,16,12,1,4
154244762852914855503,6937221716158,贤哥辣么糕大尚湘式挤压糕点109g,1,4,4,2.2,10,8
154244763268610796271,99999999-1,无码商品,1,15,15,0,1,0
154244764324114558642,6921294391985,1L茉莉蜜,1,4,4,3.2,1,0
154244764324114558642,6924187828759,洽洽150G原香瓜子,1,6,6,4.4,1,0
154244763001924475702,99999999-1,无码商品,1,27,27,0,1,0
154244763029818339664,99999999-1,无码商品,1,7,7,0,1,0
154244763845422736907,6922339136790,金砖肉松,1,3,3,0,10,4
15424476464136442728,6922255447833,景田百岁山矿泉水348ML,1,2,2,0,1,2
15424476464136442728,6925303773106,统一来一桶老坛酸菜牛肉面120G,1,4,4,0,1,14
15424476464136442728,6914973600164,德芙白巧克力43g,1,8,8,0,1,12
154244764071610795565,99999999-1,无码商品,1,18,18,0,1,0
154244764177322737981,6922339136790,金砖肉松,1,3,3,0,10,4
15424476430927598227,6901028193498,芙蓉王(硬),2,25,25,22,1,8
154244764398618835611,6901028000826,双喜经典包装,1,10,10,8.58,21,8
154244764398618835611,6901028193498,芙蓉王包装,1,25,25,21.83,21,8
154244764398618835611,6901028046886,云烟包装,1,10,10,8.79,21,8
154244767578421668516,6901028201179,白沙白细支包装,1,22,22,18.55,21,8
154244764583922739342,6936869215078,味芝元劲辣鱼棒16g,1,1,1,0,10,4
15424476463824427107,6920202888883,红牛维生素饮料250ml,1,5.5,5.5,4.79,1,0
15424476448076676217,6901028191043,精白沙,1,10,10,7.63,1,8
15424476966483913903,99999999-1,无码商品,1,6,6,0,1,0
154244764748124475361,99999999-1,无码商品,1,3,3,0,1,0
154244764909222733074,6958214681888,金边跑胡子,1,10,10,0,1,4
154244765026610794614,99999999-1,无码商品,1,27,27,0,1,0
154244765143314555538,6902538005141,乐百氏脉动水蜜桃,2,4,4,3,1,0
154244765219722734986,19113166,阿尔卑斯棒棒糖,1,1,1,0,10,4
15424477010603918219,99999999-1,无码商品,1,6,6,0,1,0
15424476563156371124,6923450603574,彩虹果汁糖(原果味),1,5,5,4.2,1,0
15424476563156371124,6932037701282,look,1,6.5,6.5,0,1,4
15424476502713188484,6920404379288,农夫九制杨梅150g,1,6,6,4.19,10,4
15424476502713188484,6924187828759,洽洽原香瓜子150g,1,5.5,5.5,3.8,10,7
15424476502713188484,6936768011085,嘉利是蒜香咸香脆花生205g,1,5,5,4,1,8
15424476502713188484,6921482336019,旺旺黑白配香草味饼干60g,1,5,5,0,1,3
15424476502713188484,4897069450626,肉松凤凰蛋卷,1,6,6,0,1,0
15424476502713188484,6934732725037,创奕牛肉干香辣味,1,9.5,9.5,6.7,10,7
15424476502713188484,6933213204771,爽口佳碳烧兰花串（香辣味）,3,1,1,0.67,1,8
15424476502713188484,6923567880103,咪咪虾条20g,4,0.5,0.5,0.3,1,8
15424476502713188484,6923567880219,咪咪蟹味粒20g,3,0.5,0.5,0.35,1,4
15424476561136291320,6925779100055,杨记川豆芝麻茶200g,1,5,5,3.8,1,8
15424476561136291320,6902265120506,海天金标生抽酱油500ml,1,8,8,6.31,1,2
15424476561136291320,6921168550111,维他命水热带水果风味500ml,1,5,5,4,1,2
15424476569828917896,6901028191043,白沙品包装,1,10,10,7.63,1,8
154244765578710804061,6940105300688,本子,1,2,2,0,1,0
154244765569114857391,6932496800205,贝奇菜仔奶蔬菜酸乳280ml,1,5,5,3.25,11,2
154244766036215038106,6901028181440,黄鹤楼峡谷柔情包装,1,40,40,26.3,1,8
154244765797922734395,19113166,阿尔卑斯棒棒糖,1,1,1,0,10,4
154244765976418948681,6901028193498,芙蓉王包装,1,25,25,21.83,1,8
31315424477154152,6934660516615,苏菲超熟睡350超薄随心翻夜用棉柔4片,1,9.5,9.5,7.5,1,8
31315424477154152,6934660524818,超熟睡超薄随心翻410 棉质丝薄夜用 洁翼型 4P,1,10.5,10.5,0,1,0
154244766008721743254,6901028193498,芙蓉王,1,25,25,0,21,4
15424476743622774412,6946623701143,三明治,1,2,2,1.3,1,0
154244766109722735747,6901028063371,白沙新精品二代条装,1,100,100,88,21,10
154244765305017227662,6901028188432,黄鹤楼万年红包装,1,16,16,13.99,1,8
154244765305017227662,6901028180801,黄鹤楼下名楼包装,1,16,16,0,1,0
15424476635373184805,6901028180559,黄鹤楼(硬金砂),1,16,16,14.31,1,3
154244766573522735619,6911316530300,阿尔卑斯棒棒糖香草可乐味0g,1,1,1,1,10,4
15424476675224429263,6901028005029,五叶神硬金,1,12,12,10.28,1,0
15424476798062778353,99999999-1,无码商品,1,10,10,0,1,0
15424476798062778353,6901028942898,硬精品好日子,1,11,11,9.6,21,4
154244766852712288985,6920202888883,红牛维生素功能饮料,1,6,6,5,1,6
154244767775323476514,6923644268916,真果粒牛奶饮品莓果粒,1,38,38,0,1,0
154244767775323476514,6953124915153,椰岛果肉椰子汁125Kg,1,13,13,11,11,4
154244762234223232556,6936869215085,味芝元鱼尾26g,2,1.5,1.5,1.5,10,8
154244762234223232556,6920734760060,康师傅红烧牛肉袋,2,2.5,2.5,0,1,0
154244766860122735362,6956064000439,320克海藻碘盐,1,2.5,2.5,0,20,4
154244766951210803901,99999999-1,无码商品,1,5,5,0,1,0
15424476726156079493,6909131210446,劲牌38度追风八珍酒简装   500ml,1,17,17,0,1,4
15424476726156079493,6901028160278,黄金叶乐途,1,15,15,12.19,1,4
154244767161922734015,6924743919242,乐事墨西哥鸡汁番茄味70g,1,6.5,6.5,0,10,8
154244768403813092122,6901028219143,黄鹤楼奇景包装,1,30,30,23.85,1,8
15424476696683181763,6901010108165,健力宝第五季番石榴水果饮料450ml,1,3.5,3.5,2.33,1,2
154244767560213944412,6901028046886,云烟包装,1,10,10,8.79,1,8
154244767971920317083,99999999-1,无码商品,1,10,10,0,1,0
15424476806127582084,6953476000194,田螺,1,1,1,0.8,1,4
154244767801724389501,6901028314169,红塔山新势力包装,1,11,11,0,1,0
154244768012315506826,6901028191043,白沙品包装,1,9,9,7.63,1,8
154244768150617533345,6921278300224,老婆饼,1,3,3,1.82,1,4
154244768333117965783,6956199800300,排扦,1,15,15,0,1,0
154244768333117965783,6901028191012,白沙包装,1,6.5,6.5,3.81,1,8
154244768664210796351,99999999-1,无码商品,1,110,110,0,1,0
154244768974513941970,6901028191012,白沙包装,2,6,6,3.81,1,8
154244768910824346157,6902088113730,清扬男士洗发露,1,28,28,0,1,0
15424476969005773723,6970412130159,一次性杯1,1,4,4,0,1,0
15424476969005773723,6901028942911,好日子（软珍品）条,1,150,150,137.8,1,0
24815424476979243,6926475203187,优乐美草莓味奶茶#,1,3.5,3.5,2.4,1,15
24815424476979243,6924743915763,乐事无限忠于原味104克*24罐,1,10,10,0,1,14
15424476982796189476,02,2元烤肠,1,2,2,1,1,4
15424476982796189476,6921168500956,水溶C100柠檬味,1,4.5,4.5,3.67,1,2
154244770144921519239,6901028191029,硬白沙包装,1,6,6,4.77,21,8
154244770144921519239,6901028063364,白沙新精品二代包装,1,10,10,8.8,21,8
154244748260924475159,99999999-1,无码商品,1,10,10,0,1,0
154244620005724473548,99999999-1,无码商品,1,17,17,0,1,0
15424477035846216729,6931273213559,口味王和成天下,1,15,15,11,1,8
15424477035846216729,6925303773106,统一来一桶牛肉面,1,4,4,3,1,14
15424477035846216729,6925303773915,统一老坛酸菜牛肉袋面,1,2.5,2.5,1.95,1,7
15424477709173334084,6901028007917,双喜奇包装,1,14,14,0,21,8
15424477051809017990,6901028191043,精品白沙,1,10,10,7.63,1,8
154244770287214552129,6937761805015,宝矿力水特,1,5,5,3.8,1,0
154244770725013949874,6901028118170,利群版包装,1,14,14,12.29,1,8
15424477112466318808,6925909980342,张新发木糖醇20元槟榔,1,20,20,16,1,4
15424477112466318808,6940159410029,百事可乐500ml,2,3,3,2.21,1,2
15424477112466318808,6930487901863,霸王丝爆辣面筋,1,3,3,2,1,4
154244771024918347987,6901668006103,奥利奥原味夹心饼干25g,5,1,1,0.7,1,4
15424477128647227359,6902890234135,双汇香辣香脆肠35g,2,1,1,0.84,1,4
15424477128647227359,6924160714017,无穷农场盐焗鸡蛋30g,1,2,2,1.5,1,4
15424477128647227359,6970362690000,糯米锅巴,1,2.5,2.5,1.65,1,4
15424477103818554046,6901028000826,软经典双喜,1,10,10,8.6,1,0
15424477103818554046,1803071531034,槟榔换购,1,2,2,0,1,4
154244771732111009063,80974482,健达奇趣蛋男孩版,1,8.5,8.5,6.5,1,4
15424477331223897731,6915530823224,嘉乐菊花茶（盒）250ml   1*24,1,1,1,0.63,1,3
15424477196397229793,6924160714017,无穷农场盐焗鸡蛋30g,1,2,2,1.5,1,4
15424477196397229793,6936869215085,味芝元鱼尾26g,2,1.5,1.5,1.15,1,0
15424477678966086476,6901028191043,精白沙,1,9.5,9.5,7.63,1,3
154244772069721396551,6923450662953,绿箭薄荷糖草莓薄荷味23g,1,9,9,0,10,6
154244772284513229447,6956064000590,盐,6,1.5,1.5,1,1,4
154244771977217223707,6901028188432,黄鹤楼万年红包装,1,18,18,13.99,1,8
154244772095113664027,6956064000590,500克加碘精制盐,6,1.5,1.5,0,1,8
15424477093653391184,99999999-1,无码商品,1,1,1,0,1,0
15424477249816375276,6922824001251,海天蚝油,1,7,7,5,1,0
15424477249816375276,6925303773915,统一老坛酸菜牛肉面121g,2,2.5,2.5,2.04,1,8
15424477249816375276,6922507822753,陈克明鸡蛋精制挂面,1,7,7,4.8,1,4
154244777813621278194,6942483999652,笋尖,1,3.5,3.5,0,1,0
154244772715818945348,6901028193498,芙蓉王包装,1,25,25,21.83,1,8
15424477268158599923,6925909980151,张新发槟榔35g,1,18,18,15.58,1,8
154244772749220504317,6901028183239,黄鹤楼金砂龙烟条装,1,140,140,0,1,0
154244772749220504317,6947882212340,老村长尚星酒450ml,1,13,13,10,11,2
154244772826921128118,99999999-1,无码商品,1,2,2,0,1,0
154244772826921128118,6947882213361,老村长,1,13,13,0,11,2
154244773357618837485,6901028191043,白沙精品包装,1,9.5,9.5,7.63,21,8
154244773374524472501,99999999-1,无码商品,1,2,2,0,1,0
154244773441112521340,6901028191043,白沙品包装,1,9,9,7.63,1,8
154244773477824387769,6925909980212,张新发食用槟榔15元装,1,15,15,0,1,0
154244774022013942004,6958214616880,叼嘴巴食用槟榔20g,1,10,10,0,1,7
154244773955922987610,6901028314978,红塔山经典包装,1,8,8,0,1,0
154244774241617534173,6925303754952,小茗同学红茶,1,5,5,3.8,11,2
154244774504121631919,6926892522076,银鹭花生牛奶1-5L,1,11,11,8,11,2
154244774504121631919,6922824055063,李锦记锦珍生抽500ml,1,6,6,4.58,20,2
154244774646217778480,6920202888883,红牛维生素功能饮料,1,6,6,4.58,1,6
154244774646217778480,6921168558025,农夫山泉东方树叶红茶原味茶饮料480ml,1,5,5,3.75,11,2
15424477513455773788,6925526600456,百年糊涂酒33%VOl(小瓶）,1,9.5,9.5,7.92,1,0
15424477465978391041,6910772002987,雪屋冰淇淋,2,4,4,0,1,13
15424477465978391041,6901028942928,双喜珍品好日子包装,1,16,16,13.78,1,8
154244775057021127714,6901028193498,芙蓉王包装,1,25,25,22.5,21,8
154244776166316193439,6901028112789,南京五条装,2,950,950,0,1,0
154244776166316193439,6901028004459,双喜喜细支条装,2,340,340,300,21,10
154244774928423146058,6901028005241,红玫金包装,1,5,5,3.6,21,8
154244774928423146058,6944649700126,百岁山饮用纯净水1L,2,3,3,0,11,2
154244772056018698379,6901028193498,芙蓉王包装黄壳子,2,25,25,21.84,21,8
154244775346914915983,6901683821255,小郎酒100ml4,1,14,14,10.6,1,2
154244775346914915983,6970622870029,238g咸味花生米,1,7,7,5,10,8
154244775346914915983,6934242965893,好棒美原味烤小鸡腿,2,4,4,3.5,1,4
15424477533317007563,6952813400987,食用青果槟榔钻口味王4g,1,10,10,8.2,1,8
15424477533317007563,6928804010220,500ml雪碧柠檬味汽水,1,3,3,2.2,1,2
154244775692317444061,99999999-1,无码商品,1,13,13,0,1,0
154244775571224478606,99999999-1,无码商品,1,6.5,6.5,0,1,0
15424477607538149082,6926475203187,优乐美奶茶草莓味80g,1,3.5,3.5,0,11,15
154244775668024388526,6925909980212,张新发食用槟榔15元装,1,15,15,0,1,0
15424477602844991800,6934502300709,东鹏特饮维生素功能饮料250ml,1,3.5,3.5,0,1,0
154244777994013093926,6938601000232,精为天10斤,1,35,35,0,1,7
154244777994013093926,6934937600047,万幸鱼酷28g,4,0.5,0.5,0,1,8
154244777920123473811,11,原味瓜子,0,27.5,28,20,381,17
15424477640223657738,6921294389463,康师傅冰糖雪梨500ml,2,3,3,1.3,1,2
15424477640223657738,6925303730574,统一阿萨姆原味奶茶500ml,1,4,4,0,1,2
15424477640223657738,6914973600010,德芙丝滑牛奶巧克力 43g,1,8,8,6,1,12
154244777156718341586,6901028063692,白沙红运当头包装,1,20,20,14.31,1,8
154244777352618334277,6901028223997,黄山象一品盒装,2,7,7,6.15,1,8
154244777352618334277,99999999-1,无码商品,1,3,3,0,1,0
15424477680426008312,6901028180573,黄鹤楼(软蓝)【包装】,1,19,19,17,1,4
154244777612124471134,99999999-1,无码商品,1,2,2,0,1,0
154244777560523099757,6932333300103,沙嗲牛肉干,1,7.5,7.5,0,1,0
15424477824785229709,99999999-1,无码商品,1,2,2,0,1,0
15424477824785229709,99999999-2,无码商品,1,19,19,0,1,0
154244777821317755823,99999999-1,无码商品,1,22,22,0,1,0
154244777821317755823,99999999-2,无码商品,1,12,12,0,1,0
154244777821317755823,99999999-3,无码商品,1,12,12,0,1,0
15424477832727739996,99999999-1,无码商品,1,1,1,0,1,0
15424477832727739996,6901028118170,利群版,1,14,14,12.3,1,8
154244778105814795850,6901028001489,双喜包装,1,8,8,7.3,21,8
154244778377622986716,6901028075800,红双喜包装,1,8,8,0,1,0
154244778789921129518,6901668006103,奥利奥原味夹心饼干19g,2,1,1,0,10,4
154244778789921129518,6921311105014,康师傅冰红茶柠檬口味茶500ml,1,3,3,2,11,2
154244778720420247708,6925814832163,花果山蓝莓十五元,1,15,15,12,1,4
15424477898147947645,6901028000826,双喜经典包装,1,10,10,8.58,1,8
15424477898147947645,6901028224154,金圣王阁上一层楼包装,1,16,16,12.19,1,8
15424477869108491267,99999999-1,无码商品,1,1,1,0,1,0
15424477869108491267,6925909980151,张新发槟榔,1,18,18,16,1,8
15424477909078398856,6952813400987,食用青果槟榔钻口味王4g,1,10,10,0,1,8
15424477909078398856,6901028005029,双喜金五叶神包装,1,12,12,10.28,1,8
154244780139923476091,99999999-1,无码商品,1,3,3,0,1,0
154244779736410778994,6947307208286,洗菜篮,1,4,4,0,1,0
15424477956276124669,6916432201165,长康红烧酱油500ML,1,5.5,5.5,4.6,1,0
154244778730216622744,6923841900022,佳龙调味面制食品辣鱼仔,1,1,1,0.35,1,8
154244778730216622744,6924758258510,小飞燕相思卷100克,1,3.5,3.5,2.2,1,8
154244779597820248630,6901028201445,白沙和气生财包装,2,55,55,47.7,21,8
15424478059976444219,6925303714017,统一来一桶红油爆椒牛肉面,1,4,4,0,1,14
15424478059976444219,6901668002457,奥利奥巧心结柔滑香草慕斯味47g,1,6,6,0,1,3
15424478059976444219,6921168504015,农夫山泉尖叫-多肽500ML,1,5,5,0,1,2
154244780516613753799,6944649700126,百岁山饮用纯净水15L,1,3,3,0,1,2
154244780516613753799,6901028191012,白沙包装,1,6,6,3.81,1,8
154244780983215319822,6901035603515,青岛啤酒经典8度600毫升,1,5,5,0,1,2
154244780983215319822,6901028000826,双喜经典包装,1,10,10,8.58,1,8
154244780983215319822,6934660557113,苏菲口袋魔法小艾草日用8片,1,11,11,0,1,8
154244780681319149741,6920202888883,红牛维生素功能饮料,4,6,6,0,11,6
154244781579218099871,99999999-1,无码商品,1,8,8,0,1,0
154244781243213225190,6901028311151,云烟紫,2,11,11,9.9,21,8
154244781301216627342,6901028075862,牡丹包装,4,15,15,13,1,8
15424478144489117824,6901028191012,白沙包装,1,6,6,3.81,1,8
15424478102737993800,99999999-1,无码商品,1,40,40,0,1,0
154244781789314911294,6956064017062,400g雪天未加碘盐,1,3,3,2.2,20,8
154244781959623237373,6922130101355,太太乐鸡精454g,1,18,18,0,1,0
154244781965919417014,6908332890761,索芙特木瓜白肤香沐浴露1L,1,18,18,0,1,0
154244781965919417014,6903148078907,汰渍净白去渍洗衣粉1.36千克,1,10,10,0,8,8
154244781965919417014,6901028191135,软白沙烟,1,65,65,0,21,4
154244782400119339808,6930946900116,全领酸辣豆角,1,2.5,2.5,0,1,0
15424478241446975946,99999999-1,无码商品,1,6.5,6.5,0,1,0
154244782335522632879,6910019405007,雕牌高效洗洁精00ml,1,4,4,0,8,2
154244782517219375391,6917878044729,雀巢咖啡原味15g,2,1.5,1.5,0,11,10
154244782517219375391,6938888888837,香飘飘原味奶茶味茶固体饮料0g,1,3.5,3.5,3,11,15
154244782517219375391,6902022135231,蓝月亮洗衣液然香00g,2,9.8,9.8,7.5,8,7
15424478267859118121,6901028191012,白沙包装,1,6,6,3.81,1,8
154244782726611491029,6953820777789,烟果十八子槟榔味,1,11,10,8,10,8
154244782825512287076,6931273213559,食用槟榔运当头8g,1,15,15,12,1,8
154244782825512287076,6901028001489,双喜包装,2,7,7,5.72,1,8
154244785219715437453,6909640012203,四特酒52度新四星60ml,2,138,138,78,1,2
154244785219715437453,6901028075763,中华包装,2,45,45,38.16,1,8
154244783070517324023,6907992508344,金典牛奶金典有机纯牛奶250ml2,1,65,65,0,1,1
154244783070517324023,4891028164395,进口维他奶原味250ml,1,3,3,0,1,3
15424478277125882921,0001,快递代收,5,1,1,0.01,1,4
15424478277125882921,6901028000932,世纪经典红双喜,1,23,23,0,1,8
154244785086217518108,6901028208949,黄山方印细支条装,1,185,185,0,1,0
154244783770017328691,6956367338680,王老吉凉茶植物饮料310毫升,1,3.5,3.5,0,1,6
15424478450216449025,6901683821255,歪嘴郎,3,13,13,0,1,2
15424478450216449025,6948960100993,哈尔滨冰纯啤酒罐装500ML,4,5,5,0,1,3211
154244783790217836183,6901028118170,利群版包装,1,14,14,12.29,1,8
154244783817011336776,6935188350163,酒鬼花生,1,2.5,2.5,0,1,0
154244783817011336776,6920734714049,康师傅鲜虾鱼板桶面,1,4,4,3.3,1,14
15424478392883526242,6901121300380,浪奇天丽漂渍液,1,6.5,6.5,4.8,1,0
15424478392883526242,6920174761757,立白超威强力洁厕精,1,5,5,3.2,1,0
154244784219810334406,6901028118170,利群版包装,1,14,14,12.29,1,8
15424478417585223383,8938521254096,饼仔,1,15,15,9.8,1,4
15424478417585223383,6901404300854,上海硫磺皂,1,2.5,2.5,0.99,1,0
15424478417585223383,99999999-1,无码商品,1,3,3,0,1,0
15424478417585223383,6923589460772,高洁丝绵柔无香型卫生护垫40片150mm,1,7.5,7.5,0,1,8
15424478417585223383,6923791988255,20P非凡FB护垫,1,5,5,3.5,1,0
15424478402615882981,4891028170150,维他菊花茶,1,3,3,0,1,13
15424478418426182615,6901028180573,黄鹤楼（软蓝）,1,19,19,16.43,1,8
15424478418426182615,6901028317122,软玉溪,1,23,23,20.14,1,3
154244784138212283263,6901028193498,芙蓉王包装,1,25,25,21.84,1,8
154244783160714911481,6970338681124,千百知芒果汁饮品,1,15,15,12,1,2
154244783160714911481,6932452821350,菌养道乳酸菌饮品,1,15,15,11,1,2
154244783160714911481,6902083908300,娃哈哈大红枣枸杞酸奶饮品,1,14,14,12,1,2
154244785139619412953,6958214616880,叼嘴巴,1,10,10,0,10,8
154244785139619412953,6920202888883,红牛维生素功能饮料,1,6,6,0,11,2
154244785139619412953,6901028191012,白沙,4,6.5,6.5,0,21,3
15424478522417997514,6901028085885,娇子包装,1,14,14,0,21,8
15424478523478713202,6901028191043,白沙品包装,1,9,9,7.63,1,8
15424478553947995123,6901028117579,利群蓝包装,1,18,18,15.9,21,8
154244785518016624986,6922255451427,百岁山天然矿泉水570ml,1,3,3,1.7,1,2
154244785518016624986,6902017991279,湘泉酒优瓦灌,2,35,35,17,1,2
154244785734717325790,6924254686299,欢乐家生榨椰子汁5L,1,13.5,13.5,0,11,2
154244788502221435265,80050278,费列罗榛果威化巧克力37g,1,10,10,7.5,10,10
15424478605117993353,6923644266066,蒙牛特仑苏纯牛奶250ml,1,5.5,5.5,4.5,11,3
15424478616998714883,6901028193498,芙蓉王包装,1,25,25,21.83,1,8
154244785959617416399,6901028193498,芙蓉王包装,1,25,25,21.83,1,8
154244786659910094078,6925909980052,皇爷张新发精制手工食用槟榔28g,1,10,10,8,1,8
154244786471818153890,6901028936712,好猫财进宝包装,1,8,8,6.15,1,8
154244786072917097103,6931273213078,青果槟榔万紫千红,1,50,50,0,1,0
15424478670557991499,6970399920118,醇香无糖乌龙茶饮料500ml,1,6,6,0,1,4
154244785111222985297,6901028137287,七匹狼包装,1,8,8,6.67,21,8
15424478717368714353,6901028118170,利群版包装,1,14,14,12.29,1,8
15424478751344428758,6901028005029,五叶神硬金,2,12,12,10.28,1,0
15424478751344428758,8000,兑奖收钱,1,1,1,0,1,4
15424478751344428758,6959657003992,益生菌猕猴桃,1,10,10,6.86,1,0
15424478751344428758,6948960103000,哈尔滨啤酒冰纯500ml听装,2,43,43,38.5,1,4
15424478751344428758,6958214686180,叼嘴巴,1,6,6,4.8,1,0
15424478751344428758,6954877900427,金怡一次性杯,1,2,2,1.13,1,0
154244787286522262331,6901028191012,白沙软白,2,6,6,3.85,21,8
154244736710511222916,6926104930958,62g素烤素肉（孜然味）,1,5,5,3.65,1,4
154244788218614556703,99999999-1,无码商品,1,1,1,0,1,0
154244788218614556703,6950545500333,好鱼道蟹柳,2,1,1,0.75,1,0
154244788218614556703,6956367338666,胶王老吉,1,4,4,2.7,1,0
154244788218614556703,6921294396362,康师傅冰红茶1L,1,4,4,3.2,1,0
154244787705217773963,6901028193498,芙蓉王包装,1,25,25,21.83,1,8
154244787705217773963,6925303773540,统一100香菇炖鸡面03g,1,2.5,2.5,2,10,8
154244787705217773963,6931768500010,鹌鹑蛋,1,3.5,3.5,2.71,1,4
154244787705217773963,6924160714017,无穷农场盐焗鸡蛋30g,1,2,2,1.5,10,8
154244787705217773963,6925303773106,来一桶老坛酸菜牛肉面120g,1,4,4,3.2,10,14
154244787705217773963,6925303773182,统一一桶农家小炒肉面85g,1,4,4,3.2,10,14
154244788363012688548,6924254691637,芒果汁饮料1500g,1,15,15,0,1,0
15424478835507969464,6925814851362,小龙王九总槟榔28g,1,14,14,10.91,1,8
154244789130714417736,7,袋子,3,4,4,0,2,25
154244789130714417736,6,40袋子,4,6,6,0,2,25
15424478856348597801,6901028191043,白沙精品包装,1,10,10,7.63,1,8
15424478843218392471,6901584030008,张裕金奖白兰地750ml,1,20,20,0,1,2
15424478908966221164,6901028000154,羊城红包装,1,4,4,2.38,1,8
154244789140122264830,6901028192729,白沙精品三代包装,1,15,15,12.93,21,8
15424478952496212805,12110088,科达五号（七号）电池,3,2,2,0.7,1,3053
15424478952496212805,6901028177238,云烟蓉和悦,1,26,26,20.1,1,8
15424478952496212805,6933125666889,20元湘潭铺子,1,20,20,16,1,8
154244789529117828470,6925814832163,花果山蓝莓十五元,2,15,15,0,1,4
154244789529117828470,6901028191043,白沙品包装,1,10,10,7.63,1,8
154244791692716504719,6902613100020,泰奇优惠装八宝粥,1,4.5,4.5,3,1,5990
15424479013576313590,6901028160278,黄金叶乐途,1,15,15,12.19,1,8
15424478967277661323,6933125698897,潭州老店,1,9,9,0,1,4
154244789456924249335,6921718066802,辣妹子果粒C1L,1,10,10,8.3,11,2
154244789456924249335,6956367338697,王老吉凉茶植物饮料1L,1,12,12,0,1,0
154244789456924249335,6901347884459,椰树牌椰汁15L,1,15,15,12,1,4
154244789456924249335,6901683821255,小郎酒100ml4,1,13,13,10.5,11,2
154244790319115315348,6970103150091,拳皇,1,3.5,3.5,2.5,1,8
154244789149910961127,6927770903147,山花纯牛奶,1,3,3,2.19,1,3
15424479055928596874,6901028118170,利群版包装,1,14,14,12.29,1,8
154244790760120703914,6902890234166,双汇玉米热狗肠40g,1,1.5,1.5,0,10,10
154244790760120703914,6921168593545,农夫山泉5L,1,10,10,7.5,11,2
154244790804115161960,6901028193498,芙蓉王包装,1,25,25,21.83,1,8
154244790844010964115,6901028193498,芙蓉王,1,24,24,21.8,1,8
154244794105721664664,6932093500010,Tomommy人面巾,1,25,25,0,1,0
154244790929617832295,6901028300056,南京包装,1,12,12,10.28,1,8
15424479124117962931,6901028191029,白沙(硬),1,6,6,4.77,1,8
15424479114494865365,6907992100012,伊利优酸乳草莓味 250ml,2,2,2,1.8,1,0
15424479104237666408,6901028193498,芙蓉王(硬),1,25,25,0,1,8
154244791693517395058,99999999-1,无码商品,1,8,8,0,1,0
15424479190087224511,6901028005142,双喜香包装,1,13,13,9.7,21,8
154244791953218159322,001,1元小零食,2,1,1,0.75,1,4
15424479318212778085,6901028001618,经典1906合装香烟,1,17,17,14.17,21,3
154244792017420645948,6901028063906,芙蓉王蓝细支包装,1,37,37,32,21,8
154244792017420645948,6928804011173,500ml可口可乐,1,3,3,2.17,11,2
154244792017420645948,6901285991219,怡宝饮用纯净水555毫升,1,2,2,1,11,2
154244792017420645948,6937221706432,贤哥蟹肉条味180g,1,3.5,3.5,2.5,10,8
154244792017420645948,6901028000642,双喜经典包装,1,12,12,10.01,21,8
154244792017420645948,6944649700126,百岁山饮用纯净水15L,1,3,3,2,11,2
154244792649118269674,6901028191043,白沙品包装,1,9.5,9.5,7.63,1,8
154244792649118269674,6901028001489,双喜包装,1,7,7,5.72,1,8
154244792537412262435,6901028118170,利群版包装,2,14,14,13.3,1,8
154244792698617763642,6902083890414,娃哈哈营养快线,1,10,10,9.5,11,2
154244791832521512323,6901070600135,云南白药留兰香型45g,1,12,12,0,1,0
154244792823615057149,6901028191043,白沙品包装,2,9,9,7.63,1,8
15424479309816314956,6921168550128,维他命水柠檬风味,1,5,5,3.87,1,2
154244771977416734503,201,小麻花,1,5,5,4,2,8
154244771977416734503,131,云南菌,0,38,38,20,381,17
154244771977416734503,003,千丝蟹棒（香辣）,0,80,80,58,381,17
154244771977416734503,6939434820547,鲜花饼,2,2,2,0.8,1,4
154244771977416734503,017,三同食品灯笼干（香辣味）,0,37,37,27,381,17
154244771977416734503,133,山羊肉串,0,90,90,70,381,17
154244771977416734503,010,久味坊杏鲍菇（香辣味）,0,40,40,26,381,17
154244771977416734503,187,灰枣中,0,50,50,40,381,17
15424479417412776955,6901028942812,双喜（软如意好日子）,1,7,7,6.16,1,0
154244793379323479937,6921311189465,康师傅冰糖雪梨500ml,1,3,3,0,1,0
15424479254573948309,80177609,健达缤纷乐T4 50g,1,8,8,6,1,3
15424479254573948309,6923450662113,弹立方冰爽柠檬味40g,1,11,11,0,10,2
15424479254573948309,6901028079952,钻石花,1,40,40,0,1,4
154244783455124473796,6933848786161,道道全纯正菜籽油,1,55,55,0,1,0
154244783455124473796,6902701168956,味精,1,5,5,0,1,0
154244792860010967929,6927216910081,果倍爽黑加仑复合果汁饮料200ml,1,4.5,4.5,3.5,1,7
15424479478513899958,6926905100444,星期一,2,0.5,0.5,0.35,1,8
154244793491310962042,11,一元,6,1,1,0.75,1,4
15424479323657666443,6925909980342,张新发木糖醇20元槟榔,1,18,18,16,1,4
15424480033603333561,6901028315425,红塔山（经典100）,2,10,10,9,1,4
154244798924021276225,6925668402567,150g东旺素牛筋,1,3,3,0,10,7
15424479359696364358,6924743919242,乐事墨西哥鸡汁番茄味70g,1,6,6,5.5,1,8
15424479359696364358,6924743915121,乐事清新清爽黄瓜味40g,1,3.5,3.5,2.5,1,8
15424479359696364358,6901754141008,乌江涪陵榨菜-鲜脆菜丝88g,4,2,2,1,1,8
15424479359696364358,6901180915884,嘉士利蓝莓味夹心饼干93g,1,3,3,2,1,3
15424479359696364358,6909409040775,上好佳田园薯片番茄味 50g,1,3.5,3.5,3,1,7
15424479549323892899,6941217400167,冰冻星球雪糕60,1,0.5,0.5,0.35,1,4
154244794316210969035,6937451811531,不二家棒糖果味10g,1,1,1,0.67,10,13
154244794446116714957,6922266440106,清风原木纯品软抽式面纸200抽包,1,12,12,7.5,9,5
15424479226763181411,6922286888018,广合腐乳335g,1,8.5,8.5,7,1,2
15424479226763181411,6957148000024,瓶装胡椒粉,1,5,5,0,1,0
154244794793217763404,6902083901233,娃哈哈氧道饮用水50ml,2,2,2,0,11,2
